#
# There is insufficient memory for the Java Runtime Environment to continue.
# Native memory allocation (mmap) failed to map 1048576 bytes. Error detail: G1 virtual space
# Possible reasons:
#   The system is out of physical RAM or swap space
#   This process is running with CompressedOops enabled, and the Java Heap may be blocking the growth of the native heap
# Possible solutions:
#   Reduce memory load on the system
#   Increase physical memory or swap space
#   Check if swap backing store is full
#   Decrease Java heap size (-Xmx/-Xms)
#   Decrease number of Java threads
#   Decrease Java thread stack sizes (-Xss)
#   Set larger code cache with -XX:ReservedCodeCacheSize=
#   JVM is running with Zero Based Compressed Oops mode in which the Java heap is
#     placed in the first 32GB address space. The Java Heap base address is the
#     maximum limit for the native heap growth. Please use -XX:HeapBaseMinAddress
#     to set the Java Heap base and to place the Java Heap above 32GB virtual address.
# This output file may be truncated or incomplete.
#
#  Out of Memory Error (os_windows.cpp:3686), pid=19928, tid=10392
#
# JRE version: OpenJDK Runtime Environment Temurin-21.0.7+6 (21.0.7+6) (build 21.0.7+6-LTS)
# Java VM: OpenJDK 64-Bit Server VM Temurin-21.0.7+6 (21.0.7+6-LTS, mixed mode, sharing, tiered, compressed oops, compressed class ptrs, g1 gc, windows-amd64)
# No core dump will be written. Minidumps are not enabled by default on client versions of Windows
#

---------------  S U M M A R Y ------------

Command Line: --add-opens=java.base/java.lang=ALL-UNNAMED --add-opens=java.base/java.lang.invoke=ALL-UNNAMED --add-opens=java.base/java.util=ALL-UNNAMED --add-opens=java.prefs/java.util.prefs=ALL-UNNAMED --add-exports=jdk.compiler/com.sun.tools.javac.api=ALL-UNNAMED --add-exports=jdk.compiler/com.sun.tools.javac.util=ALL-UNNAMED --add-opens=java.base/java.util=ALL-UNNAMED --add-opens=java.prefs/java.util.prefs=ALL-UNNAMED --add-opens=java.base/java.nio.charset=ALL-UNNAMED --add-opens=java.base/java.net=ALL-UNNAMED --add-opens=java.base/java.util.concurrent=ALL-UNNAMED --add-opens=java.base/java.util.concurrent.atomic=ALL-UNNAMED --add-opens=java.xml/javax.xml.namespace=ALL-UNNAMED --add-opens=java.base/java.time=ALL-UNNAMED -XX:HeapBaseMinAddress=4g -XX:ReservedCodeCacheSize=256m -Xmx1024m -Dfile.encoding=UTF-8 -Duser.country=GB -Duser.language=en -Duser.variant -javaagent:C:\Users\jespe\.gradle\wrapper\dists\gradle-9.4.1-bin\arn2x92ynaizyzdaamcbpbhtj\gradle-9.4.1\lib\agents\gradle-instrumentation-agent-9.4.1.jar org.gradle.launcher.daemon.bootstrap.GradleDaemon 9.4.1

Host: Intel(R) Core(TM) i5-10210U CPU @ 1.60GHz, 8 cores, 15G,  Windows 11 , 64 bit Build 26100 (10.0.26100.8521)
Time: Thu Jun 25 10:03:44 2026 W. Europe Summer Time elapsed time: 437.045173 seconds (0d 0h 7m 17s)

---------------  T H R E A D  ---------------

Current thread (0x000001baaefb0db0):  WorkerThread "GC Thread#3"    [id=10392, stack(0x000000265d900000,0x000000265da00000) (1024K)]

Stack: [0x000000265d900000,0x000000265da00000]
Native frames: (J=compiled Java code, j=interpreted, Vv=VM code, C=native code)
V  [jvm.dll+0x6ce119]
V  [jvm.dll+0x8a84a1]
V  [jvm.dll+0x8aa9ce]
V  [jvm.dll+0x8ab0b3]
V  [jvm.dll+0x27f8a6]
V  [jvm.dll+0x6ca945]
V  [jvm.dll+0x6bebea]
V  [jvm.dll+0x355eca]
V  [jvm.dll+0x35da96]
V  [jvm.dll+0x3af42b]
V  [jvm.dll+0x3afac4]
V  [jvm.dll+0x3afb8d]
V  [jvm.dll+0x32b68c]
V  [jvm.dll+0x32b3e5]
V  [jvm.dll+0x31a2e6]
V  [jvm.dll+0x31b0fa]
V  [jvm.dll+0x31b568]
V  [jvm.dll+0x31af5e]
V  [jvm.dll+0x357d06]
V  [jvm.dll+0x3580da]
V  [jvm.dll+0x359163]
V  [jvm.dll+0x358dde]
V  [jvm.dll+0x36ce89]
V  [jvm.dll+0x36d54a]
V  [jvm.dll+0x36d637]
V  [jvm.dll+0x36e4cb]
V  [jvm.dll+0x8d6377]
V  [jvm.dll+0x851f6b]
V  [jvm.dll+0x6cc7dd]
C  [ucrtbase.dll+0x2cd30]
C  [KERNEL32.DLL+0x2e957]
C  [ntdll.dll+0x87c1c]


---------------  P R O C E S S  ---------------

Threads class SMR info:
_java_thread_list=0x000001bb17d20240, length=64, elements={
0x000001bab12d23c0, 0x000001bacdb82690, 0x000001bacdb830e0, 0x000001bacdb843a0,
0x000001bacdb85050, 0x000001bacdb85d00, 0x000001bacdb909f0, 0x000001bacdba5180,
0x000001bacdba8340, 0x000001bacdcaadb0, 0x000001bacde3bf30, 0x000001bb14985980,
0x000001bb14ad5110, 0x000001bb1409b470, 0x000001bb13025010, 0x000001bb130256a0,
0x000001bb130270e0, 0x000001bb1878cbe0, 0x000001bb1878d900, 0x000001bb1878df90,
0x000001bb1878f9d0, 0x000001bb19a11b90, 0x000001bb19a10e70, 0x000001bb1714bb50,
0x000001bb18b05c50, 0x000001bb18b02e60, 0x000001bb18b07690, 0x000001bb20259a40,
0x000001bb2025c830, 0x000001bb2025dbe0, 0x000001bb2025d550, 0x000001bb2025e900,
0x000001bb2025ef90, 0x000001bb2025bb10, 0x000001bb20260340, 0x000001bb202609d0,
0x000001bb2025f620, 0x000001bb2025fcb0, 0x000001bb19a156a0, 0x000001bb19a135d0,
0x000001bb19a13c60, 0x000001bb130263c0, 0x000001bb13026a50, 0x000001bb20261060,
0x000001bb1714a110, 0x000001bb1714d590, 0x000001bb1aaba050, 0x000001bb1aabc120,
0x000001bb1aabc7b0, 0x000001bb221bae50, 0x000001bb221ba7c0, 0x000001bb221bb4e0,
0x000001bb22be9b80, 0x000001bb221409d0, 0x000001bb22be6700, 0x000001bb2c6e9ae0,
0x000001bb24ee16f0, 0x000001bb22be6d90, 0x000001bb2375ea80, 0x000001bb24ee09d0,
0x000001bb24eda020, 0x000001bb162a17d0, 0x000001bb1641f930, 0x000001bb19a12220
}

Java Threads: ( => current thread )
  0x000001bab12d23c0 JavaThread "main"                              [_thread_blocked, id=22044, stack(0x000000265c300000,0x000000265c400000) (1024K)]
  0x000001bacdb82690 JavaThread "Reference Handler"          daemon [_thread_blocked, id=18000, stack(0x000000265cb00000,0x000000265cc00000) (1024K)]
  0x000001bacdb830e0 JavaThread "Finalizer"                  daemon [_thread_blocked, id=3424, stack(0x000000265cc00000,0x000000265cd00000) (1024K)]
  0x000001bacdb843a0 JavaThread "Signal Dispatcher"          daemon [_thread_blocked, id=5296, stack(0x000000265cd00000,0x000000265ce00000) (1024K)]
  0x000001bacdb85050 JavaThread "Attach Listener"            daemon [_thread_blocked, id=2900, stack(0x000000265ce00000,0x000000265cf00000) (1024K)]
  0x000001bacdb85d00 JavaThread "Service Thread"             daemon [_thread_blocked, id=22592, stack(0x000000265cf00000,0x000000265d000000) (1024K)]
  0x000001bacdb909f0 JavaThread "Monitor Deflation Thread"   daemon [_thread_blocked, id=6240, stack(0x000000265d000000,0x000000265d100000) (1024K)]
  0x000001bacdba5180 JavaThread "C2 CompilerThread0"         daemon [_thread_blocked, id=7552, stack(0x000000265d100000,0x000000265d200000) (1024K)]
  0x000001bacdba8340 JavaThread "C1 CompilerThread0"         daemon [_thread_blocked, id=21328, stack(0x000000265d200000,0x000000265d300000) (1024K)]
  0x000001bacdcaadb0 JavaThread "Common-Cleaner"             daemon [_thread_blocked, id=17576, stack(0x000000265d300000,0x000000265d400000) (1024K)]
  0x000001bacde3bf30 JavaThread "Notification Thread"        daemon [_thread_blocked, id=20272, stack(0x000000265d400000,0x000000265d500000) (1024K)]
  0x000001bb14985980 JavaThread "Daemon health stats"               [_thread_blocked, id=5776, stack(0x000000265d600000,0x000000265d700000) (1024K)]
  0x000001bb14ad5110 JavaThread "Incoming local TCP Connector on port 50754"        [_thread_in_native, id=11480, stack(0x000000265dc00000,0x000000265dd00000) (1024K)]
  0x000001bb1409b470 JavaThread "Daemon periodic checks"            [_thread_blocked, id=18600, stack(0x000000265dd00000,0x000000265de00000) (1024K)]
  0x000001bb13025010 JavaThread "Cache worker for journal cache (C:\Users\jespe\.gradle\caches\journal-1)"        [_thread_blocked, id=15444, stack(0x000000265e500000,0x000000265e600000) (1024K)]
  0x000001bb130256a0 JavaThread "File lock request listener"        [_thread_in_native, id=1760, stack(0x000000265e600000,0x000000265e700000) (1024K)]
  0x000001bb130270e0 JavaThread "Cache worker for file hash cache (C:\Users\jespe\.gradle\caches\9.4.1\fileHashes)"        [_thread_blocked, id=17284, stack(0x000000265e700000,0x000000265e800000) (1024K)]
  0x000001bb1878cbe0 JavaThread "Cache worker for file content cache (C:\Users\jespe\.gradle\caches\9.4.1\fileContent)"        [_thread_blocked, id=2944, stack(0x000000265ef00000,0x000000265f000000) (1024K)]
  0x000001bb1878d900 JavaThread "File watcher server"        daemon [_thread_blocked, id=20368, stack(0x000000265eb00000,0x000000265ec00000) (1024K)]
  0x000001bb1878df90 JavaThread "File watcher consumer"      daemon [_thread_blocked, id=10072, stack(0x000000265f000000,0x000000265f100000) (1024K)]
  0x000001bb1878f9d0 JavaThread "Memory manager"                    [_thread_blocked, id=2160, stack(0x000000265f600000,0x000000265f700000) (1024K)]
  0x000001bb19a11b90 JavaThread "ForkJoinPool.commonPool-worker-1" daemon [_thread_blocked, id=15752, stack(0x000000265f900000,0x000000265fa00000) (1024K)]
  0x000001bb19a10e70 JavaThread "ForkJoinPool.commonPool-worker-3" daemon [_thread_blocked, id=13164, stack(0x000000265fb00000,0x000000265fc00000) (1024K)]
  0x000001bb1714bb50 JavaThread "RMI Scheduler(0)"           daemon [_thread_blocked, id=20336, stack(0x000000265d500000,0x000000265d600000) (1024K)]
  0x000001bb18b05c50 JavaThread "RMI GC Daemon"              daemon [_thread_blocked, id=23324, stack(0x0000002660700000,0x0000002660800000) (1024K)]
  0x000001bb18b02e60 JavaThread "RMI TCP Accept-0"           daemon [_thread_in_native, id=4432, stack(0x0000002660800000,0x0000002660900000) (1024K)]
  0x000001bb18b07690 JavaThread "RMI Reaper"                        [_thread_blocked, id=19476, stack(0x0000002660900000,0x0000002660a00000) (1024K)]
  0x000001bb20259a40 JavaThread "Daemon Thread 2"                   [_thread_blocked, id=9396, stack(0x000000265c000000,0x000000265c100000) (1024K)]
  0x000001bb2025c830 JavaThread "Handler for socket connection from /127.0.0.1:50754 to /127.0.0.1:54647"        [_thread_in_native, id=6228, stack(0x000000265c100000,0x000000265c200000) (1024K)]
  0x000001bb2025dbe0 JavaThread "Cancel handler"                    [_thread_blocked, id=16424, stack(0x000000265c200000,0x000000265c300000) (1024K)]
  0x000001bb2025d550 JavaThread "Daemon worker Thread 2"            [_thread_blocked, id=6932, stack(0x000000265de00000,0x000000265df00000) (1024K)]
  0x000001bb2025e900 JavaThread "Asynchronous log dispatcher for DefaultDaemonConnection: socket connection from /127.0.0.1:50754 to /127.0.0.1:54647"        [_thread_blocked, id=14636, stack(0x000000265df00000,0x000000265e000000) (1024K)]
  0x000001bb2025ef90 JavaThread "Stdin handler"                     [_thread_blocked, id=19280, stack(0x000000265e000000,0x000000265e100000) (1024K)]
  0x000001bb2025bb10 JavaThread "Daemon client event forwarder"        [_thread_blocked, id=2692, stack(0x000000265e100000,0x000000265e200000) (1024K)]
  0x000001bb20260340 JavaThread "Cache worker for file hash cache (C:\Users\jespe\Downloads\omfscanner_v02\omfscanner_v02\.gradle\9.4.1\fileHashes)"        [_thread_blocked, id=18624, stack(0x000000265e200000,0x000000265e300000) (1024K)]
  0x000001bb202609d0 JavaThread "Cache worker for checksums cache (C:\Users\jespe\Downloads\omfscanner_v02\omfscanner_v02\.gradle\9.4.1\checksums)"        [_thread_blocked, id=15780, stack(0x000000265e300000,0x000000265e400000) (1024K)]
  0x000001bb2025f620 JavaThread "Cache worker for Build Output Cleanup Cache (C:\Users\jespe\Downloads\omfscanner_v02\omfscanner_v02\.gradle\buildOutputCleanup)"        [_thread_blocked, id=9832, stack(0x000000265e400000,0x000000265e500000) (1024K)]
  0x000001bb2025fcb0 JavaThread "Cache worker for cache directory md-supplier (C:\Users\jespe\.gradle\caches\9.4.1\md-supplier)"        [_thread_blocked, id=22916, stack(0x000000265ee00000,0x000000265ef00000) (1024K)]
  0x000001bb19a156a0 JavaThread "Cache worker for cache directory md-rule (C:\Users\jespe\.gradle\caches\9.4.1\md-rule)"        [_thread_blocked, id=18252, stack(0x000000265f100000,0x000000265f200000) (1024K)]
  0x000001bb19a135d0 JavaThread "build event listener"              [_thread_blocked, id=8552, stack(0x000000265f300000,0x000000265f400000) (1024K)]
  0x000001bb19a13c60 JavaThread "Build operations"                  [_thread_blocked, id=9052, stack(0x000000265f400000,0x000000265f500000) (1024K)]
  0x000001bb130263c0 JavaThread "included builds"                   [_thread_blocked, id=10256, stack(0x000000265f200000,0x000000265f300000) (1024K)]
  0x000001bb13026a50 JavaThread "Execution worker"                  [_thread_blocked, id=18824, stack(0x000000265f500000,0x000000265f600000) (1024K)]
  0x000001bb20261060 JavaThread "Cache worker for execution history cache (C:\Users\jespe\Downloads\omfscanner_v02\omfscanner_v02\.gradle\9.4.1\executionHistory)"        [_thread_blocked, id=11260, stack(0x000000265f700000,0x000000265f800000) (1024K)]
  0x000001bb1714a110 JavaThread "WorkerExecutor Queue"              [_thread_blocked, id=16400, stack(0x000000265f800000,0x000000265f900000) (1024K)]
  0x000001bb1714d590 JavaThread "Build operations Thread 2"         [_thread_blocked, id=16704, stack(0x0000002660300000,0x0000002660400000) (1024K)]
  0x000001bb1aaba050 JavaThread "ForkJoinPool.commonPool-worker-8" daemon [_thread_blocked, id=17528, stack(0x000000265fe00000,0x000000265ff00000) (1024K)]
  0x000001bb1aabc120 JavaThread "ForkJoinPool.commonPool-worker-9" daemon [_thread_blocked, id=13076, stack(0x0000002660000000,0x0000002660100000) (1024K)]
  0x000001bb1aabc7b0 JavaThread "ForkJoinPool.commonPool-worker-10" daemon [_thread_blocked, id=20484, stack(0x0000002660200000,0x0000002660300000) (1024K)]
  0x000001bb221bae50 JavaThread "pool-6-thread-1"                   [_thread_blocked, id=7280, stack(0x000000265fa00000,0x000000265fb00000) (1024K)]
  0x000001bb221ba7c0 JavaThread "stderr"                            [_thread_in_native, id=22760, stack(0x000000265fc00000,0x000000265fd00000) (1024K)]
  0x000001bb221bb4e0 JavaThread "stdout"                            [_thread_in_native, id=9032, stack(0x0000002660400000,0x0000002660500000) (1024K)]
  0x000001bb22be9b80 JavaThread "ForkJoinPool-1-worker-1"    daemon [_thread_blocked, id=720, stack(0x000000265ff00000,0x0000002660000000) (1024K)]
  0x000001bb221409d0 JavaThread "ForkJoinPool-1-worker-2"    daemon [_thread_blocked, id=21668, stack(0x0000002660100000,0x0000002660200000) (1024K)]
  0x000001bb22be6700 JavaThread "ForkJoinPool-1-worker-3"    daemon [_thread_blocked, id=21896, stack(0x0000002660500000,0x0000002660600000) (1024K)]
  0x000001bb2c6e9ae0 JavaThread "ForkJoinPool-1-worker-4"    daemon [_thread_blocked, id=1856, stack(0x0000002660600000,0x0000002660700000) (1024K)]
  0x000001bb24ee16f0 JavaThread "ForkJoinPool-1-worker-5"    daemon [_thread_blocked, id=3580, stack(0x0000002660a00000,0x0000002660b00000) (1024K)]
  0x000001bb22be6d90 JavaThread "ForkJoinPool-1-worker-6"    daemon [_thread_blocked, id=20896, stack(0x0000002660b00000,0x0000002660c00000) (1024K)]
  0x000001bb2375ea80 JavaThread "ForkJoinPool-1-worker-7"    daemon [_thread_blocked, id=3244, stack(0x0000002660c00000,0x0000002660d00000) (1024K)]
  0x000001bb24ee09d0 JavaThread "ForkJoinPool-1-worker-8"    daemon [_thread_blocked, id=21536, stack(0x0000002660d00000,0x0000002660e00000) (1024K)]
  0x000001bb24eda020 JavaThread "WorkerExecutor Queue Thread 6"        [_thread_blocked, id=19760, stack(0x0000002660e00000,0x0000002660f00000) (1024K)]
  0x000001bb162a17d0 JavaThread "C2 CompilerThread1"         daemon [_thread_blocked, id=22048, stack(0x000000265ec00000,0x000000265ed00000) (1024K)]
  0x000001bb1641f930 JavaThread "C2 CompilerThread2"         daemon [_thread_blocked, id=20548, stack(0x000000265ed00000,0x000000265ee00000) (1024K)]
  0x000001bb19a12220 JavaThread "WorkerExecutor Queue Thread 7"        [_thread_blocked, id=21676, stack(0x000000265fd00000,0x000000265fe00000) (1024K)]
Total: 64

Other Threads:
  0x000001baaefb0a10 VMThread "VM Thread"                           [id=5856, stack(0x000000265ca00000,0x000000265cb00000) (1024K)]
  0x000001bacdb54390 WatcherThread "VM Periodic Task Thread"        [id=23320, stack(0x000000265c900000,0x000000265ca00000) (1024K)]
  0x000001baaefb02d0 WorkerThread "GC Thread#0"                     [id=20528, stack(0x000000265c400000,0x000000265c500000) (1024K)]
  0x000001baaefb14f0 WorkerThread "GC Thread#1"                     [id=7292, stack(0x000000265d700000,0x000000265d800000) (1024K)]
  0x000001baaefb1890 WorkerThread "GC Thread#2"                     [id=19348, stack(0x000000265d800000,0x000000265d900000) (1024K)]
=>0x000001baaefb0db0 WorkerThread "GC Thread#3"                     [id=10392, stack(0x000000265d900000,0x000000265da00000) (1024K)]
  0x000001bb13e653c0 WorkerThread "GC Thread#4"                     [id=5772, stack(0x000000265da00000,0x000000265db00000) (1024K)]
  0x000001bb13e65ea0 WorkerThread "GC Thread#5"                     [id=11880, stack(0x000000265db00000,0x000000265dc00000) (1024K)]
  0x000001bb13e648e0 WorkerThread "GC Thread#6"                     [id=18296, stack(0x000000265e800000,0x000000265e900000) (1024K)]
  0x000001bb13e64540 WorkerThread "GC Thread#7"                     [id=9140, stack(0x000000265e900000,0x000000265ea00000) (1024K)]
  0x000001bab13137e0 ConcurrentGCThread "G1 Main Marker"            [id=19356, stack(0x000000265c500000,0x000000265c600000) (1024K)]
  0x000001baaefb0670 WorkerThread "G1 Conc#0"                       [id=16392, stack(0x000000265c600000,0x000000265c700000) (1024K)]
  0x000001bb13e64c80 WorkerThread "G1 Conc#1"                       [id=1440, stack(0x000000265ea00000,0x000000265eb00000) (1024K)]
  0x000001bacda28eb0 ConcurrentGCThread "G1 Refine#0"               [id=15880, stack(0x000000265c700000,0x000000265c800000) (1024K)]
  0x000001bacda296d0 ConcurrentGCThread "G1 Service"                [id=13964, stack(0x000000265c800000,0x000000265c900000) (1024K)]
Total: 15

Threads with active compile tasks:
C2 CompilerThread0  437081 44024 %     4       org.gradle.internal.instantiation.generator.AbstractClassGenerator::inspectType @ 107 (602 bytes)
C2 CompilerThread1  437081 44621       4       java.util.regex.Pattern$BmpCharPropertyGreedy::match (89 bytes)
C2 CompilerThread2  437081 44620       4       com.android.tools.profgen.MutablePrefixTree$prefixIterator$1::invokeSuspend (287 bytes)
Total: 3

VM state: at safepoint (normal execution)

VM Mutex/Monitor currently owned by a thread:  ([mutex/lock_event])
[0x00007ffb9914be08] FreeList_lock - owner thread: 0x000001baaefb0db0
[0x00007ffb9914e308] Threads_lock - owner thread: 0x000001baaefb0a10
[0x00007ffb9914e408] Heap_lock - owner thread: 0x000001bb130263c0

Heap address: 0x0000000100000000, size: 1024 MB, Compressed Oops mode: Zero based, Oop shift amount: 3

CDS archive(s) mapped at: [0x000001bace000000-0x000001bacec80000-0x000001bacec80000), size 13107200, SharedBaseAddress: 0x000001bace000000, ArchiveRelocationMode: 1.
Compressed class space mapped at: 0x000001bacf000000-0x000001bb0f000000, reserved size: 1073741824
Narrow klass base: 0x000001bace000000, Narrow klass shift: 0, Narrow klass range: 0x100000000

GC Precious Log:
 CardTable entry size: 512
 Card Set container configuration: InlinePtr #cards 5 size 8 Array Of Cards #cards 12 size 40 Howl #buckets 4 coarsen threshold 1843 Howl Bitmap #cards 512 size 80 coarsen threshold 460 Card regions per heap region 1 cards per card region 2048
 CPUs: 8 total, 8 available
 Memory: 16135M
 Large Page Support: Disabled
 NUMA Support: Disabled
 Compressed Oops: Enabled (Zero based)
 Heap Region Size: 1M
 Heap Min Capacity: 8M
 Heap Initial Capacity: 254M
 Heap Max Capacity: 1G
 Pre-touch: Disabled
 Parallel Workers: 8
 Concurrent Workers: 2
 Concurrent Refinement Workers: 8
 Periodic GC: Disabled

Heap:
 garbage-first heap   total 783360K, used 735218K [0x0000000100000000, 0x0000000140000000)
  region size 1024K, 252 young (258048K), 25 survivors (25600K)
 Metaspace       used 156290K, committed 159488K, reserved 1245184K
  class space    used 20703K, committed 22400K, reserved 1048576K

Heap Regions: E=young(eden), S=young(survivor), O=old, HS=humongous(starts), HC=humongous(continues), CS=collection set, F=free, TAMS=top-at-mark-start, PB=parsable bottom
|   0|0x0000000100000000, 0x0000000100100000, 0x0000000100100000|100%|HS|  |TAMS 0x0000000100000000| PB 0x0000000100000000| Complete 
|   1|0x0000000100100000, 0x0000000100200000, 0x0000000100200000|100%|HC|  |TAMS 0x0000000100100000| PB 0x0000000100100000| Complete 
|   2|0x0000000100200000, 0x0000000100300000, 0x0000000100300000|100%|HC|  |TAMS 0x0000000100200000| PB 0x0000000100200000| Complete 
|   3|0x0000000100300000, 0x0000000100400000, 0x0000000100400000|100%|HC|  |TAMS 0x0000000100300000| PB 0x0000000100300000| Complete 
|   4|0x0000000100400000, 0x0000000100500000, 0x0000000100500000|100%| O|  |TAMS 0x0000000100400000| PB 0x0000000100400000| Untracked 
|   5|0x0000000100500000, 0x0000000100600000, 0x0000000100600000|100%| O|  |TAMS 0x0000000100500000| PB 0x0000000100500000| Untracked 
|   6|0x0000000100600000, 0x0000000100700000, 0x0000000100700000|100%| O|  |TAMS 0x0000000100600000| PB 0x0000000100600000| Untracked 
|   7|0x0000000100700000, 0x0000000100800000, 0x0000000100800000|100%| O|  |TAMS 0x0000000100700000| PB 0x0000000100700000| Untracked 
|   8|0x0000000100800000, 0x0000000100900000, 0x0000000100900000|100%|HS|  |TAMS 0x0000000100800000| PB 0x0000000100800000| Complete 
|   9|0x0000000100900000, 0x0000000100a00000, 0x0000000100a00000|100%|HS|  |TAMS 0x0000000100900000| PB 0x0000000100900000| Complete 
|  10|0x0000000100a00000, 0x0000000100b00000, 0x0000000100b00000|100%| O|  |TAMS 0x0000000100a00000| PB 0x0000000100a00000| Untracked 
|  11|0x0000000100b00000, 0x0000000100c00000, 0x0000000100c00000|100%| O|  |TAMS 0x0000000100b00000| PB 0x0000000100b00000| Untracked 
|  12|0x0000000100c00000, 0x0000000100d00000, 0x0000000100d00000|100%| O|  |TAMS 0x0000000100c00000| PB 0x0000000100c00000| Untracked 
|  13|0x0000000100d00000, 0x0000000100e00000, 0x0000000100e00000|100%| O|  |TAMS 0x0000000100d00000| PB 0x0000000100d00000| Untracked 
|  14|0x0000000100e00000, 0x0000000100f00000, 0x0000000100f00000|100%| O|  |TAMS 0x0000000100e00000| PB 0x0000000100e00000| Untracked 
|  15|0x0000000100f00000, 0x0000000101000000, 0x0000000101000000|100%| O|  |TAMS 0x0000000100f00000| PB 0x0000000100f00000| Untracked 
|  16|0x0000000101000000, 0x0000000101100000, 0x0000000101100000|100%| O|  |TAMS 0x0000000101000000| PB 0x0000000101000000| Untracked 
|  17|0x0000000101100000, 0x0000000101200000, 0x0000000101200000|100%| O|  |TAMS 0x0000000101100000| PB 0x0000000101100000| Untracked 
|  18|0x0000000101200000, 0x0000000101300000, 0x0000000101300000|100%| O|  |TAMS 0x0000000101200000| PB 0x0000000101200000| Untracked 
|  19|0x0000000101300000, 0x0000000101400000, 0x0000000101400000|100%| O|  |TAMS 0x0000000101300000| PB 0x0000000101300000| Untracked 
|  20|0x0000000101400000, 0x0000000101500000, 0x0000000101500000|100%| O|  |TAMS 0x0000000101400000| PB 0x0000000101400000| Untracked 
|  21|0x0000000101500000, 0x0000000101600000, 0x0000000101600000|100%| O|  |TAMS 0x0000000101500000| PB 0x0000000101500000| Untracked 
|  22|0x0000000101600000, 0x0000000101700000, 0x0000000101700000|100%| O|  |TAMS 0x0000000101600000| PB 0x0000000101600000| Untracked 
|  23|0x0000000101700000, 0x0000000101800000, 0x0000000101800000|100%| O|  |TAMS 0x0000000101700000| PB 0x0000000101700000| Untracked 
|  24|0x0000000101800000, 0x0000000101900000, 0x0000000101900000|100%| O|  |TAMS 0x0000000101800000| PB 0x0000000101800000| Untracked 
|  25|0x0000000101900000, 0x0000000101a00000, 0x0000000101a00000|100%| O|  |TAMS 0x0000000101900000| PB 0x0000000101900000| Untracked 
|  26|0x0000000101a00000, 0x0000000101b00000, 0x0000000101b00000|100%| O|  |TAMS 0x0000000101a00000| PB 0x0000000101a00000| Untracked 
|  27|0x0000000101b00000, 0x0000000101c00000, 0x0000000101c00000|100%| O|  |TAMS 0x0000000101b00000| PB 0x0000000101b00000| Untracked 
|  28|0x0000000101c00000, 0x0000000101d00000, 0x0000000101d00000|100%| O|  |TAMS 0x0000000101c00000| PB 0x0000000101c00000| Untracked 
|  29|0x0000000101d00000, 0x0000000101e00000, 0x0000000101e00000|100%| O|  |TAMS 0x0000000101d00000| PB 0x0000000101d00000| Untracked 
|  30|0x0000000101e00000, 0x0000000101f00000, 0x0000000101f00000|100%| O|  |TAMS 0x0000000101e00000| PB 0x0000000101e00000| Untracked 
|  31|0x0000000101f00000, 0x0000000102000000, 0x0000000102000000|100%| O|  |TAMS 0x0000000101f00000| PB 0x0000000101f00000| Untracked 
|  32|0x0000000102000000, 0x0000000102100000, 0x0000000102100000|100%| O|  |TAMS 0x0000000102000000| PB 0x0000000102000000| Untracked 
|  33|0x0000000102100000, 0x0000000102200000, 0x0000000102200000|100%| O|  |TAMS 0x0000000102100000| PB 0x0000000102100000| Untracked 
|  34|0x0000000102200000, 0x0000000102300000, 0x0000000102300000|100%| O|  |TAMS 0x0000000102200000| PB 0x0000000102200000| Untracked 
|  35|0x0000000102300000, 0x0000000102400000, 0x0000000102400000|100%| O|  |TAMS 0x0000000102300000| PB 0x0000000102300000| Untracked 
|  36|0x0000000102400000, 0x0000000102500000, 0x0000000102500000|100%| O|  |TAMS 0x0000000102400000| PB 0x0000000102400000| Untracked 
|  37|0x0000000102500000, 0x0000000102600000, 0x0000000102600000|100%| O|  |TAMS 0x0000000102500000| PB 0x0000000102500000| Untracked 
|  38|0x0000000102600000, 0x0000000102700000, 0x0000000102700000|100%| O|  |TAMS 0x0000000102600000| PB 0x0000000102600000| Untracked 
|  39|0x0000000102700000, 0x0000000102800000, 0x0000000102800000|100%| O|  |TAMS 0x0000000102700000| PB 0x0000000102700000| Untracked 
|  40|0x0000000102800000, 0x0000000102900000, 0x0000000102900000|100%|HS|  |TAMS 0x0000000102800000| PB 0x0000000102800000| Complete 
|  41|0x0000000102900000, 0x0000000102a00000, 0x0000000102a00000|100%| O|  |TAMS 0x0000000102900000| PB 0x0000000102900000| Untracked 
|  42|0x0000000102a00000, 0x0000000102b00000, 0x0000000102b00000|100%| O|  |TAMS 0x0000000102a00000| PB 0x0000000102a00000| Untracked 
|  43|0x0000000102b00000, 0x0000000102c00000, 0x0000000102c00000|100%|HS|  |TAMS 0x0000000102b00000| PB 0x0000000102b00000| Complete 
|  44|0x0000000102c00000, 0x0000000102d00000, 0x0000000102d00000|100%|HS|  |TAMS 0x0000000102c00000| PB 0x0000000102c00000| Complete 
|  45|0x0000000102d00000, 0x0000000102e00000, 0x0000000102e00000|100%|HC|  |TAMS 0x0000000102d00000| PB 0x0000000102d00000| Complete 
|  46|0x0000000102e00000, 0x0000000102f00000, 0x0000000102f00000|100%|HS|  |TAMS 0x0000000102e00000| PB 0x0000000102e00000| Complete 
|  47|0x0000000102f00000, 0x0000000103000000, 0x0000000103000000|100%|HS|  |TAMS 0x0000000102f00000| PB 0x0000000102f00000| Complete 
|  48|0x0000000103000000, 0x0000000103100000, 0x0000000103100000|100%| O|  |TAMS 0x0000000103000000| PB 0x0000000103000000| Untracked 
|  49|0x0000000103100000, 0x0000000103200000, 0x0000000103200000|100%| O|CS|TAMS 0x0000000103100000| PB 0x0000000103100000| Complete 
|  50|0x0000000103200000, 0x0000000103300000, 0x0000000103300000|100%| O|  |TAMS 0x0000000103200000| PB 0x0000000103200000| Untracked 
|  51|0x0000000103300000, 0x0000000103400000, 0x0000000103400000|100%| O|  |TAMS 0x0000000103300000| PB 0x0000000103300000| Untracked 
|  52|0x0000000103400000, 0x0000000103500000, 0x0000000103500000|100%|HS|  |TAMS 0x0000000103400000| PB 0x0000000103400000| Complete 
|  53|0x0000000103500000, 0x0000000103600000, 0x0000000103600000|100%| O|  |TAMS 0x0000000103500000| PB 0x0000000103500000| Untracked 
|  54|0x0000000103600000, 0x0000000103700000, 0x0000000103700000|100%|HS|  |TAMS 0x0000000103600000| PB 0x0000000103600000| Complete 
|  55|0x0000000103700000, 0x0000000103800000, 0x0000000103800000|100%| O|  |TAMS 0x0000000103700000| PB 0x0000000103700000| Untracked 
|  56|0x0000000103800000, 0x0000000103900000, 0x0000000103900000|100%| O|  |TAMS 0x0000000103800000| PB 0x0000000103800000| Untracked 
|  57|0x0000000103900000, 0x0000000103a00000, 0x0000000103a00000|100%| O|  |TAMS 0x0000000103900000| PB 0x0000000103900000| Untracked 
|  58|0x0000000103a00000, 0x0000000103b00000, 0x0000000103b00000|100%| O|  |TAMS 0x0000000103a00000| PB 0x0000000103a00000| Untracked 
|  59|0x0000000103b00000, 0x0000000103c00000, 0x0000000103c00000|100%|HS|  |TAMS 0x0000000103b00000| PB 0x0000000103b00000| Complete 
|  60|0x0000000103c00000, 0x0000000103d00000, 0x0000000103d00000|100%|HC|  |TAMS 0x0000000103c00000| PB 0x0000000103c00000| Complete 
|  61|0x0000000103d00000, 0x0000000103e00000, 0x0000000103e00000|100%| O|  |TAMS 0x0000000103d00000| PB 0x0000000103d00000| Untracked 
|  62|0x0000000103e00000, 0x0000000103f00000, 0x0000000103f00000|100%| O|  |TAMS 0x0000000103e00000| PB 0x0000000103e00000| Untracked 
|  63|0x0000000103f00000, 0x0000000104000000, 0x0000000104000000|100%| O|  |TAMS 0x0000000103f00000| PB 0x0000000103f00000| Untracked 
|  64|0x0000000104000000, 0x0000000104100000, 0x0000000104100000|100%| O|  |TAMS 0x0000000104000000| PB 0x0000000104000000| Untracked 
|  65|0x0000000104100000, 0x0000000104200000, 0x0000000104200000|100%| O|  |TAMS 0x0000000104100000| PB 0x0000000104100000| Untracked 
|  66|0x0000000104200000, 0x0000000104300000, 0x0000000104300000|100%|HS|  |TAMS 0x0000000104200000| PB 0x0000000104200000| Complete 
|  67|0x0000000104300000, 0x0000000104400000, 0x0000000104400000|100%| O|  |TAMS 0x0000000104300000| PB 0x0000000104300000| Untracked 
|  68|0x0000000104400000, 0x0000000104500000, 0x0000000104500000|100%| O|  |TAMS 0x0000000104400000| PB 0x0000000104400000| Untracked 
|  69|0x0000000104500000, 0x0000000104600000, 0x0000000104600000|100%| O|  |TAMS 0x0000000104500000| PB 0x0000000104500000| Untracked 
|  70|0x0000000104600000, 0x0000000104700000, 0x0000000104700000|100%| O|  |TAMS 0x0000000104600000| PB 0x0000000104600000| Untracked 
|  71|0x0000000104700000, 0x0000000104800000, 0x0000000104800000|100%| O|  |TAMS 0x0000000104700000| PB 0x0000000104700000| Untracked 
|  72|0x0000000104800000, 0x0000000104900000, 0x0000000104900000|100%| O|  |TAMS 0x0000000104800000| PB 0x0000000104800000| Untracked 
|  73|0x0000000104900000, 0x0000000104a00000, 0x0000000104a00000|100%| O|  |TAMS 0x0000000104900000| PB 0x0000000104900000| Untracked 
|  74|0x0000000104a00000, 0x0000000104b00000, 0x0000000104b00000|100%| O|  |TAMS 0x0000000104a00000| PB 0x0000000104a00000| Untracked 
|  75|0x0000000104b00000, 0x0000000104c00000, 0x0000000104c00000|100%| O|  |TAMS 0x0000000104b00000| PB 0x0000000104b00000| Untracked 
|  76|0x0000000104c00000, 0x0000000104d00000, 0x0000000104d00000|100%| O|  |TAMS 0x0000000104c00000| PB 0x0000000104c00000| Untracked 
|  77|0x0000000104d00000, 0x0000000104e00000, 0x0000000104e00000|100%| O|  |TAMS 0x0000000104d00000| PB 0x0000000104d00000| Untracked 
|  78|0x0000000104e00000, 0x0000000104f00000, 0x0000000104f00000|100%| O|  |TAMS 0x0000000104e00000| PB 0x0000000104e00000| Untracked 
|  79|0x0000000104f00000, 0x0000000105000000, 0x0000000105000000|100%| O|  |TAMS 0x0000000104f00000| PB 0x0000000104f00000| Untracked 
|  80|0x0000000105000000, 0x0000000105100000, 0x0000000105100000|100%| O|  |TAMS 0x0000000105000000| PB 0x0000000105000000| Untracked 
|  81|0x0000000105100000, 0x0000000105200000, 0x0000000105200000|100%| O|  |TAMS 0x0000000105100000| PB 0x0000000105100000| Untracked 
|  82|0x0000000105200000, 0x0000000105300000, 0x0000000105300000|100%|HS|  |TAMS 0x0000000105200000| PB 0x0000000105200000| Complete 
|  83|0x0000000105300000, 0x0000000105400000, 0x0000000105400000|100%| O|  |TAMS 0x0000000105300000| PB 0x0000000105300000| Untracked 
|  84|0x0000000105400000, 0x0000000105500000, 0x0000000105500000|100%| O|  |TAMS 0x0000000105400000| PB 0x0000000105400000| Untracked 
|  85|0x0000000105500000, 0x0000000105600000, 0x0000000105600000|100%| O|  |TAMS 0x0000000105500000| PB 0x0000000105500000| Untracked 
|  86|0x0000000105600000, 0x0000000105700000, 0x0000000105700000|100%| O|  |TAMS 0x0000000105600000| PB 0x0000000105600000| Untracked 
|  87|0x0000000105700000, 0x0000000105800000, 0x0000000105800000|100%| O|  |TAMS 0x0000000105700000| PB 0x0000000105700000| Untracked 
|  88|0x0000000105800000, 0x0000000105900000, 0x0000000105900000|100%|HS|  |TAMS 0x0000000105800000| PB 0x0000000105800000| Complete 
|  89|0x0000000105900000, 0x0000000105a00000, 0x0000000105a00000|100%| O|  |TAMS 0x0000000105900000| PB 0x0000000105900000| Untracked 
|  90|0x0000000105a00000, 0x0000000105b00000, 0x0000000105b00000|100%| O|  |TAMS 0x0000000105a00000| PB 0x0000000105a00000| Untracked 
|  91|0x0000000105b00000, 0x0000000105c00000, 0x0000000105c00000|100%| O|  |TAMS 0x0000000105b00000| PB 0x0000000105b00000| Untracked 
|  92|0x0000000105c00000, 0x0000000105d00000, 0x0000000105d00000|100%| O|  |TAMS 0x0000000105c00000| PB 0x0000000105c00000| Untracked 
|  93|0x0000000105d00000, 0x0000000105e00000, 0x0000000105e00000|100%|HS|  |TAMS 0x0000000105d00000| PB 0x0000000105d00000| Complete 
|  94|0x0000000105e00000, 0x0000000105f00000, 0x0000000105f00000|100%| O|  |TAMS 0x0000000105e00000| PB 0x0000000105e00000| Untracked 
|  95|0x0000000105f00000, 0x0000000106000000, 0x0000000106000000|100%| O|  |TAMS 0x0000000105f00000| PB 0x0000000105f00000| Untracked 
|  96|0x0000000106000000, 0x0000000106100000, 0x0000000106100000|100%| O|  |TAMS 0x0000000106000000| PB 0x0000000106000000| Untracked 
|  97|0x0000000106100000, 0x0000000106200000, 0x0000000106200000|100%| O|  |TAMS 0x0000000106100000| PB 0x0000000106100000| Untracked 
|  98|0x0000000106200000, 0x0000000106300000, 0x0000000106300000|100%| O|  |TAMS 0x0000000106200000| PB 0x0000000106200000| Untracked 
|  99|0x0000000106300000, 0x0000000106400000, 0x0000000106400000|100%| O|  |TAMS 0x0000000106300000| PB 0x0000000106300000| Untracked 
| 100|0x0000000106400000, 0x0000000106500000, 0x0000000106500000|100%| O|  |TAMS 0x0000000106400000| PB 0x0000000106400000| Untracked 
| 101|0x0000000106500000, 0x0000000106600000, 0x0000000106600000|100%| O|  |TAMS 0x0000000106500000| PB 0x0000000106500000| Untracked 
| 102|0x0000000106600000, 0x0000000106700000, 0x0000000106700000|100%|HS|  |TAMS 0x0000000106600000| PB 0x0000000106600000| Complete 
| 103|0x0000000106700000, 0x0000000106800000, 0x0000000106800000|100%| O|  |TAMS 0x0000000106700000| PB 0x0000000106700000| Untracked 
| 104|0x0000000106800000, 0x0000000106900000, 0x0000000106900000|100%| O|  |TAMS 0x0000000106800000| PB 0x0000000106800000| Untracked 
| 105|0x0000000106900000, 0x0000000106a00000, 0x0000000106a00000|100%| O|  |TAMS 0x0000000106900000| PB 0x0000000106900000| Untracked 
| 106|0x0000000106a00000, 0x0000000106b00000, 0x0000000106b00000|100%|HS|  |TAMS 0x0000000106a00000| PB 0x0000000106a00000| Complete 
| 107|0x0000000106b00000, 0x0000000106c00000, 0x0000000106c00000|100%| O|  |TAMS 0x0000000106b00000| PB 0x0000000106b00000| Untracked 
| 108|0x0000000106c00000, 0x0000000106d00000, 0x0000000106d00000|100%| O|  |TAMS 0x0000000106c00000| PB 0x0000000106c00000| Untracked 
| 109|0x0000000106d00000, 0x0000000106dffff8, 0x0000000106e00000| 99%| O|  |TAMS 0x0000000106d00000| PB 0x0000000106d00000| Untracked 
| 110|0x0000000106e00000, 0x0000000106f00000, 0x0000000106f00000|100%|HS|  |TAMS 0x0000000106e00000| PB 0x0000000106e00000| Complete 
| 111|0x0000000106f00000, 0x0000000107000000, 0x0000000107000000|100%| O|  |TAMS 0x0000000106f00000| PB 0x0000000106f00000| Untracked 
| 112|0x0000000107000000, 0x0000000107100000, 0x0000000107100000|100%| O|  |TAMS 0x0000000107000000| PB 0x0000000107000000| Untracked 
| 113|0x0000000107100000, 0x0000000107200000, 0x0000000107200000|100%| O|  |TAMS 0x0000000107100000| PB 0x0000000107100000| Untracked 
| 114|0x0000000107200000, 0x0000000107300000, 0x0000000107300000|100%| O|  |TAMS 0x0000000107200000| PB 0x0000000107200000| Untracked 
| 115|0x0000000107300000, 0x0000000107400000, 0x0000000107400000|100%| O|  |TAMS 0x0000000107300000| PB 0x0000000107300000| Untracked 
| 116|0x0000000107400000, 0x0000000107500000, 0x0000000107500000|100%| O|  |TAMS 0x0000000107400000| PB 0x0000000107400000| Untracked 
| 117|0x0000000107500000, 0x0000000107600000, 0x0000000107600000|100%| O|  |TAMS 0x0000000107500000| PB 0x0000000107500000| Untracked 
| 118|0x0000000107600000, 0x0000000107700000, 0x0000000107700000|100%|HS|  |TAMS 0x0000000107600000| PB 0x0000000107600000| Complete 
| 119|0x0000000107700000, 0x0000000107800000, 0x0000000107800000|100%|HC|  |TAMS 0x0000000107700000| PB 0x0000000107700000| Complete 
| 120|0x0000000107800000, 0x0000000107900000, 0x0000000107900000|100%| O|  |TAMS 0x0000000107800000| PB 0x0000000107800000| Untracked 
| 121|0x0000000107900000, 0x0000000107a00000, 0x0000000107a00000|100%| O|  |TAMS 0x0000000107900000| PB 0x0000000107900000| Untracked 
| 122|0x0000000107a00000, 0x0000000107b00000, 0x0000000107b00000|100%| O|  |TAMS 0x0000000107a00000| PB 0x0000000107a00000| Untracked 
| 123|0x0000000107b00000, 0x0000000107c00000, 0x0000000107c00000|100%| O|  |TAMS 0x0000000107b00000| PB 0x0000000107b00000| Untracked 
| 124|0x0000000107c00000, 0x0000000107d00000, 0x0000000107d00000|100%| O|  |TAMS 0x0000000107c00000| PB 0x0000000107c00000| Untracked 
| 125|0x0000000107d00000, 0x0000000107e00000, 0x0000000107e00000|100%| O|  |TAMS 0x0000000107d00000| PB 0x0000000107d00000| Untracked 
| 126|0x0000000107e00000, 0x0000000107f00000, 0x0000000107f00000|100%|HS|  |TAMS 0x0000000107e00000| PB 0x0000000107e00000| Complete 
| 127|0x0000000107f00000, 0x0000000108000000, 0x0000000108000000|100%|HC|  |TAMS 0x0000000107f00000| PB 0x0000000107f00000| Complete 
| 128|0x0000000108000000, 0x0000000108100000, 0x0000000108100000|100%| O|  |TAMS 0x0000000108000000| PB 0x0000000108000000| Untracked 
| 129|0x0000000108100000, 0x0000000108200000, 0x0000000108200000|100%| O|  |TAMS 0x0000000108100000| PB 0x0000000108100000| Untracked 
| 130|0x0000000108200000, 0x0000000108300000, 0x0000000108300000|100%| O|  |TAMS 0x0000000108200000| PB 0x0000000108200000| Untracked 
| 131|0x0000000108300000, 0x0000000108400000, 0x0000000108400000|100%| O|  |TAMS 0x0000000108300000| PB 0x0000000108300000| Untracked 
| 132|0x0000000108400000, 0x0000000108500000, 0x0000000108500000|100%| O|  |TAMS 0x0000000108400000| PB 0x0000000108400000| Untracked 
| 133|0x0000000108500000, 0x0000000108600000, 0x0000000108600000|100%| O|  |TAMS 0x0000000108500000| PB 0x0000000108500000| Untracked 
| 134|0x0000000108600000, 0x0000000108700000, 0x0000000108700000|100%| O|  |TAMS 0x0000000108600000| PB 0x0000000108600000| Untracked 
| 135|0x0000000108700000, 0x0000000108800000, 0x0000000108800000|100%| O|  |TAMS 0x0000000108700000| PB 0x0000000108700000| Untracked 
| 136|0x0000000108800000, 0x0000000108900000, 0x0000000108900000|100%| O|  |TAMS 0x0000000108800000| PB 0x0000000108800000| Untracked 
| 137|0x0000000108900000, 0x0000000108a00000, 0x0000000108a00000|100%| O|  |TAMS 0x0000000108900000| PB 0x0000000108900000| Untracked 
| 138|0x0000000108a00000, 0x0000000108b00000, 0x0000000108b00000|100%| O|  |TAMS 0x0000000108a00000| PB 0x0000000108a00000| Untracked 
| 139|0x0000000108b00000, 0x0000000108c00000, 0x0000000108c00000|100%| O|  |TAMS 0x0000000108b00000| PB 0x0000000108b00000| Untracked 
| 140|0x0000000108c00000, 0x0000000108d00000, 0x0000000108d00000|100%| O|  |TAMS 0x0000000108c00000| PB 0x0000000108c00000| Untracked 
| 141|0x0000000108d00000, 0x0000000108e00000, 0x0000000108e00000|100%| O|  |TAMS 0x0000000108d00000| PB 0x0000000108d00000| Untracked 
| 142|0x0000000108e00000, 0x0000000108f00000, 0x0000000108f00000|100%| O|  |TAMS 0x0000000108e00000| PB 0x0000000108e00000| Untracked 
| 143|0x0000000108f00000, 0x0000000109000000, 0x0000000109000000|100%| O|  |TAMS 0x0000000108f00000| PB 0x0000000108f00000| Untracked 
| 144|0x0000000109000000, 0x0000000109100000, 0x0000000109100000|100%| O|  |TAMS 0x0000000109000000| PB 0x0000000109000000| Untracked 
| 145|0x0000000109100000, 0x0000000109200000, 0x0000000109200000|100%| O|  |TAMS 0x0000000109100000| PB 0x0000000109100000| Untracked 
| 146|0x0000000109200000, 0x0000000109300000, 0x0000000109300000|100%| O|  |TAMS 0x0000000109200000| PB 0x0000000109200000| Untracked 
| 147|0x0000000109300000, 0x0000000109400000, 0x0000000109400000|100%| O|  |TAMS 0x0000000109300000| PB 0x0000000109300000| Untracked 
| 148|0x0000000109400000, 0x0000000109500000, 0x0000000109500000|100%| O|  |TAMS 0x0000000109400000| PB 0x0000000109400000| Untracked 
| 149|0x0000000109500000, 0x0000000109600000, 0x0000000109600000|100%| O|  |TAMS 0x0000000109500000| PB 0x0000000109500000| Untracked 
| 150|0x0000000109600000, 0x0000000109700000, 0x0000000109700000|100%| O|  |TAMS 0x0000000109600000| PB 0x0000000109600000| Untracked 
| 151|0x0000000109700000, 0x0000000109800000, 0x0000000109800000|100%|HS|  |TAMS 0x0000000109700000| PB 0x0000000109700000| Complete 
| 152|0x0000000109800000, 0x0000000109900000, 0x0000000109900000|100%| O|  |TAMS 0x0000000109800000| PB 0x0000000109800000| Untracked 
| 153|0x0000000109900000, 0x0000000109a00000, 0x0000000109a00000|100%| O|  |TAMS 0x0000000109900000| PB 0x0000000109900000| Untracked 
| 154|0x0000000109a00000, 0x0000000109b00000, 0x0000000109b00000|100%| O|  |TAMS 0x0000000109a00000| PB 0x0000000109a00000| Untracked 
| 155|0x0000000109b00000, 0x0000000109c00000, 0x0000000109c00000|100%| O|CS|TAMS 0x0000000109b00000| PB 0x0000000109b00000| Complete 
| 156|0x0000000109c00000, 0x0000000109d00000, 0x0000000109d00000|100%| O|CS|TAMS 0x0000000109c00000| PB 0x0000000109c00000| Complete 
| 157|0x0000000109d00000, 0x0000000109e00000, 0x0000000109e00000|100%| O|  |TAMS 0x0000000109d00000| PB 0x0000000109d00000| Untracked 
| 158|0x0000000109e00000, 0x0000000109f00000, 0x0000000109f00000|100%| O|  |TAMS 0x0000000109e00000| PB 0x0000000109e00000| Untracked 
| 159|0x0000000109f00000, 0x000000010a000000, 0x000000010a000000|100%| O|  |TAMS 0x0000000109f00000| PB 0x0000000109f00000| Untracked 
| 160|0x000000010a000000, 0x000000010a100000, 0x000000010a100000|100%| O|CS|TAMS 0x000000010a000000| PB 0x000000010a000000| Complete 
| 161|0x000000010a100000, 0x000000010a200000, 0x000000010a200000|100%| O|  |TAMS 0x000000010a100000| PB 0x000000010a100000| Untracked 
| 162|0x000000010a200000, 0x000000010a300000, 0x000000010a300000|100%|HS|  |TAMS 0x000000010a200000| PB 0x000000010a200000| Complete 
| 163|0x000000010a300000, 0x000000010a400000, 0x000000010a400000|100%| O|  |TAMS 0x000000010a300000| PB 0x000000010a300000| Untracked 
| 164|0x000000010a400000, 0x000000010a500000, 0x000000010a500000|100%| O|  |TAMS 0x000000010a400000| PB 0x000000010a400000| Untracked 
| 165|0x000000010a500000, 0x000000010a600000, 0x000000010a600000|100%| O|  |TAMS 0x000000010a500000| PB 0x000000010a500000| Untracked 
| 166|0x000000010a600000, 0x000000010a700000, 0x000000010a700000|100%| O|  |TAMS 0x000000010a600000| PB 0x000000010a600000| Untracked 
| 167|0x000000010a700000, 0x000000010a800000, 0x000000010a800000|100%| O|  |TAMS 0x000000010a700000| PB 0x000000010a700000| Untracked 
| 168|0x000000010a800000, 0x000000010a900000, 0x000000010a900000|100%|HS|  |TAMS 0x000000010a800000| PB 0x000000010a800000| Complete 
| 169|0x000000010a900000, 0x000000010aa00000, 0x000000010aa00000|100%| O|  |TAMS 0x000000010a900000| PB 0x000000010a900000| Untracked 
| 170|0x000000010aa00000, 0x000000010ab00000, 0x000000010ab00000|100%| O|  |TAMS 0x000000010aa00000| PB 0x000000010aa00000| Untracked 
| 171|0x000000010ab00000, 0x000000010ac00000, 0x000000010ac00000|100%| O|  |TAMS 0x000000010ab00000| PB 0x000000010ab00000| Untracked 
| 172|0x000000010ac00000, 0x000000010ad00000, 0x000000010ad00000|100%| O|  |TAMS 0x000000010ac00000| PB 0x000000010ac00000| Untracked 
| 173|0x000000010ad00000, 0x000000010ae00000, 0x000000010ae00000|100%| O|  |TAMS 0x000000010ad00000| PB 0x000000010ad00000| Untracked 
| 174|0x000000010ae00000, 0x000000010af00000, 0x000000010af00000|100%| O|  |TAMS 0x000000010ae00000| PB 0x000000010ae00000| Untracked 
| 175|0x000000010af00000, 0x000000010b000000, 0x000000010b000000|100%| O|  |TAMS 0x000000010af00000| PB 0x000000010af00000| Untracked 
| 176|0x000000010b000000, 0x000000010b100000, 0x000000010b100000|100%| O|  |TAMS 0x000000010b000000| PB 0x000000010b000000| Untracked 
| 177|0x000000010b100000, 0x000000010b200000, 0x000000010b200000|100%| O|  |TAMS 0x000000010b100000| PB 0x000000010b100000| Untracked 
| 178|0x000000010b200000, 0x000000010b300000, 0x000000010b300000|100%| O|  |TAMS 0x000000010b200000| PB 0x000000010b200000| Untracked 
| 179|0x000000010b300000, 0x000000010b400000, 0x000000010b400000|100%| O|  |TAMS 0x000000010b300000| PB 0x000000010b300000| Untracked 
| 180|0x000000010b400000, 0x000000010b500000, 0x000000010b500000|100%| O|  |TAMS 0x000000010b400000| PB 0x000000010b400000| Untracked 
| 181|0x000000010b500000, 0x000000010b600000, 0x000000010b600000|100%| O|  |TAMS 0x000000010b500000| PB 0x000000010b500000| Untracked 
| 182|0x000000010b600000, 0x000000010b700000, 0x000000010b700000|100%| O|CS|TAMS 0x000000010b600000| PB 0x000000010b600000| Complete 
| 183|0x000000010b700000, 0x000000010b800000, 0x000000010b800000|100%|HS|  |TAMS 0x000000010b700000| PB 0x000000010b700000| Complete 
| 184|0x000000010b800000, 0x000000010b900000, 0x000000010b900000|100%| O|CS|TAMS 0x000000010b800000| PB 0x000000010b800000| Complete 
| 185|0x000000010b900000, 0x000000010ba00000, 0x000000010ba00000|100%|HS|  |TAMS 0x000000010b900000| PB 0x000000010b900000| Complete 
| 186|0x000000010ba00000, 0x000000010bb00000, 0x000000010bb00000|100%| O|  |TAMS 0x000000010ba00000| PB 0x000000010ba00000| Untracked 
| 187|0x000000010bb00000, 0x000000010bc00000, 0x000000010bc00000|100%| O|  |TAMS 0x000000010bb00000| PB 0x000000010bb00000| Untracked 
| 188|0x000000010bc00000, 0x000000010bd00000, 0x000000010bd00000|100%| O|  |TAMS 0x000000010bc00000| PB 0x000000010bc00000| Untracked 
| 189|0x000000010bd00000, 0x000000010be00000, 0x000000010be00000|100%| O|  |TAMS 0x000000010bd00000| PB 0x000000010bd00000| Untracked 
| 190|0x000000010be00000, 0x000000010bf00000, 0x000000010bf00000|100%| O|  |TAMS 0x000000010be00000| PB 0x000000010be00000| Untracked 
| 191|0x000000010bf00000, 0x000000010c000000, 0x000000010c000000|100%| O|  |TAMS 0x000000010bf00000| PB 0x000000010bf00000| Untracked 
| 192|0x000000010c000000, 0x000000010c100000, 0x000000010c100000|100%| O|  |TAMS 0x000000010c000000| PB 0x000000010c000000| Untracked 
| 193|0x000000010c100000, 0x000000010c200000, 0x000000010c200000|100%| O|  |TAMS 0x000000010c100000| PB 0x000000010c100000| Untracked 
| 194|0x000000010c200000, 0x000000010c300000, 0x000000010c300000|100%| O|  |TAMS 0x000000010c200000| PB 0x000000010c200000| Untracked 
| 195|0x000000010c300000, 0x000000010c400000, 0x000000010c400000|100%|HS|  |TAMS 0x000000010c300000| PB 0x000000010c300000| Complete 
| 196|0x000000010c400000, 0x000000010c500000, 0x000000010c500000|100%| O|  |TAMS 0x000000010c400000| PB 0x000000010c400000| Untracked 
| 197|0x000000010c500000, 0x000000010c600000, 0x000000010c600000|100%| O|CS|TAMS 0x000000010c500000| PB 0x000000010c500000| Complete 
| 198|0x000000010c600000, 0x000000010c700000, 0x000000010c700000|100%| O|  |TAMS 0x000000010c600000| PB 0x000000010c600000| Untracked 
| 199|0x000000010c700000, 0x000000010c800000, 0x000000010c800000|100%| O|  |TAMS 0x000000010c700000| PB 0x000000010c700000| Untracked 
| 200|0x000000010c800000, 0x000000010c900000, 0x000000010c900000|100%| O|CS|TAMS 0x000000010c800000| PB 0x000000010c800000| Complete 
| 201|0x000000010c900000, 0x000000010ca00000, 0x000000010ca00000|100%| O|CS|TAMS 0x000000010c900000| PB 0x000000010c900000| Complete 
| 202|0x000000010ca00000, 0x000000010cb00000, 0x000000010cb00000|100%| O|CS|TAMS 0x000000010ca00000| PB 0x000000010ca00000| Complete 
| 203|0x000000010cb00000, 0x000000010cc00000, 0x000000010cc00000|100%| O|CS|TAMS 0x000000010cb00000| PB 0x000000010cb00000| Complete 
| 204|0x000000010cc00000, 0x000000010cd00000, 0x000000010cd00000|100%| O|  |TAMS 0x000000010cc00000| PB 0x000000010cc00000| Untracked 
| 205|0x000000010cd00000, 0x000000010ce00000, 0x000000010ce00000|100%|HS|  |TAMS 0x000000010cd00000| PB 0x000000010cd00000| Complete 
| 206|0x000000010ce00000, 0x000000010cf00000, 0x000000010cf00000|100%|HS|  |TAMS 0x000000010ce00000| PB 0x000000010ce00000| Complete 
| 207|0x000000010cf00000, 0x000000010d000000, 0x000000010d000000|100%|HC|  |TAMS 0x000000010cf00000| PB 0x000000010cf00000| Complete 
| 208|0x000000010d000000, 0x000000010d100000, 0x000000010d100000|100%| O|  |TAMS 0x000000010d000000| PB 0x000000010d000000| Untracked 
| 209|0x000000010d100000, 0x000000010d200000, 0x000000010d200000|100%| O|  |TAMS 0x000000010d100000| PB 0x000000010d100000| Untracked 
| 210|0x000000010d200000, 0x000000010d300000, 0x000000010d300000|100%| O|  |TAMS 0x000000010d200000| PB 0x000000010d200000| Untracked 
| 211|0x000000010d300000, 0x000000010d400000, 0x000000010d400000|100%| O|  |TAMS 0x000000010d300000| PB 0x000000010d300000| Untracked 
| 212|0x000000010d400000, 0x000000010d500000, 0x000000010d500000|100%|HS|  |TAMS 0x000000010d400000| PB 0x000000010d400000| Complete 
| 213|0x000000010d500000, 0x000000010d600000, 0x000000010d600000|100%| O|  |TAMS 0x000000010d500000| PB 0x000000010d500000| Untracked 
| 214|0x000000010d600000, 0x000000010d700000, 0x000000010d700000|100%| O|  |TAMS 0x000000010d600000| PB 0x000000010d600000| Untracked 
| 215|0x000000010d700000, 0x000000010d800000, 0x000000010d800000|100%| O|  |TAMS 0x000000010d700000| PB 0x000000010d700000| Untracked 
| 216|0x000000010d800000, 0x000000010d900000, 0x000000010d900000|100%|HS|  |TAMS 0x000000010d800000| PB 0x000000010d800000| Complete 
| 217|0x000000010d900000, 0x000000010da00000, 0x000000010da00000|100%| O|CS|TAMS 0x000000010d900000| PB 0x000000010d900000| Complete 
| 218|0x000000010da00000, 0x000000010db00000, 0x000000010db00000|100%| O|  |TAMS 0x000000010da00000| PB 0x000000010da00000| Untracked 
| 219|0x000000010db00000, 0x000000010dc00000, 0x000000010dc00000|100%| O|  |TAMS 0x000000010db00000| PB 0x000000010db00000| Untracked 
| 220|0x000000010dc00000, 0x000000010dd00000, 0x000000010dd00000|100%|HS|  |TAMS 0x000000010dc00000| PB 0x000000010dc00000| Complete 
| 221|0x000000010dd00000, 0x000000010de00000, 0x000000010de00000|100%|HS|  |TAMS 0x000000010dd00000| PB 0x000000010dd00000| Complete 
| 222|0x000000010de00000, 0x000000010df00000, 0x000000010df00000|100%|HS|  |TAMS 0x000000010de00000| PB 0x000000010de00000| Complete 
| 223|0x000000010df00000, 0x000000010e000000, 0x000000010e000000|100%| O|  |TAMS 0x000000010df00000| PB 0x000000010df00000| Untracked 
| 224|0x000000010e000000, 0x000000010e100000, 0x000000010e100000|100%| O|  |TAMS 0x000000010e000000| PB 0x000000010e000000| Untracked 
| 225|0x000000010e100000, 0x000000010e200000, 0x000000010e200000|100%|HS|  |TAMS 0x000000010e100000| PB 0x000000010e100000| Complete 
| 226|0x000000010e200000, 0x000000010e300000, 0x000000010e300000|100%|HC|  |TAMS 0x000000010e200000| PB 0x000000010e200000| Complete 
| 227|0x000000010e300000, 0x000000010e400000, 0x000000010e400000|100%|HS|  |TAMS 0x000000010e300000| PB 0x000000010e300000| Complete 
| 228|0x000000010e400000, 0x000000010e500000, 0x000000010e500000|100%|HC|  |TAMS 0x000000010e400000| PB 0x000000010e400000| Complete 
| 229|0x000000010e500000, 0x000000010e600000, 0x000000010e600000|100%|HS|  |TAMS 0x000000010e500000| PB 0x000000010e500000| Complete 
| 230|0x000000010e600000, 0x000000010e700000, 0x000000010e700000|100%|HS|  |TAMS 0x000000010e600000| PB 0x000000010e600000| Complete 
| 231|0x000000010e700000, 0x000000010e800000, 0x000000010e800000|100%| O|  |TAMS 0x000000010e700000| PB 0x000000010e700000| Untracked 
| 232|0x000000010e800000, 0x000000010e900000, 0x000000010e900000|100%| O|  |TAMS 0x000000010e800000| PB 0x000000010e800000| Untracked 
| 233|0x000000010e900000, 0x000000010ea00000, 0x000000010ea00000|100%| O|  |TAMS 0x000000010e900000| PB 0x000000010e900000| Untracked 
| 234|0x000000010ea00000, 0x000000010eb00000, 0x000000010eb00000|100%| O|  |TAMS 0x000000010ea00000| PB 0x000000010ea00000| Untracked 
| 235|0x000000010eb00000, 0x000000010ec00000, 0x000000010ec00000|100%| O|  |TAMS 0x000000010eb00000| PB 0x000000010eb00000| Untracked 
| 236|0x000000010ec00000, 0x000000010ed00000, 0x000000010ed00000|100%| O|  |TAMS 0x000000010ec00000| PB 0x000000010ec00000| Untracked 
| 237|0x000000010ed00000, 0x000000010ee00000, 0x000000010ee00000|100%| O|  |TAMS 0x000000010ed00000| PB 0x000000010ed00000| Untracked 
| 238|0x000000010ee00000, 0x000000010ef00000, 0x000000010ef00000|100%| O|  |TAMS 0x000000010ee00000| PB 0x000000010ee00000| Untracked 
| 239|0x000000010ef00000, 0x000000010f000000, 0x000000010f000000|100%|HS|  |TAMS 0x000000010ef00000| PB 0x000000010ef00000| Complete 
| 240|0x000000010f000000, 0x000000010f100000, 0x000000010f100000|100%| O|  |TAMS 0x000000010f000000| PB 0x000000010f000000| Untracked 
| 241|0x000000010f100000, 0x000000010f200000, 0x000000010f200000|100%| O|  |TAMS 0x000000010f100000| PB 0x000000010f100000| Untracked 
| 242|0x000000010f200000, 0x000000010f300000, 0x000000010f300000|100%| O|  |TAMS 0x000000010f200000| PB 0x000000010f200000| Untracked 
| 243|0x000000010f300000, 0x000000010f400000, 0x000000010f400000|100%|HS|  |TAMS 0x000000010f300000| PB 0x000000010f300000| Complete 
| 244|0x000000010f400000, 0x000000010f500000, 0x000000010f500000|100%| O|  |TAMS 0x000000010f400000| PB 0x000000010f400000| Untracked 
| 245|0x000000010f500000, 0x000000010f600000, 0x000000010f600000|100%| O|  |TAMS 0x000000010f500000| PB 0x000000010f500000| Untracked 
| 246|0x000000010f600000, 0x000000010f700000, 0x000000010f700000|100%| S|  |TAMS 0x000000010f600000| PB 0x000000010f600000| Complete 
| 247|0x000000010f700000, 0x000000010f800000, 0x000000010f800000|100%| O|  |TAMS 0x000000010f700000| PB 0x000000010f700000| Untracked 
| 248|0x000000010f800000, 0x000000010f900000, 0x000000010f900000|100%| O|  |TAMS 0x000000010f800000| PB 0x000000010f800000| Untracked 
| 249|0x000000010f900000, 0x000000010fa00000, 0x000000010fa00000|100%| O|  |TAMS 0x000000010f900000| PB 0x000000010f900000| Untracked 
| 250|0x000000010fa00000, 0x000000010fb00000, 0x000000010fb00000|100%| O|  |TAMS 0x000000010fa00000| PB 0x000000010fa00000| Untracked 
| 251|0x000000010fb00000, 0x000000010fc00000, 0x000000010fc00000|100%|HS|  |TAMS 0x000000010fb00000| PB 0x000000010fb00000| Complete 
| 252|0x000000010fc00000, 0x000000010fd00000, 0x000000010fd00000|100%|HC|  |TAMS 0x000000010fc00000| PB 0x000000010fc00000| Complete 
| 253|0x000000010fd00000, 0x000000010fe00000, 0x000000010fe00000|100%|HS|  |TAMS 0x000000010fd00000| PB 0x000000010fd00000| Complete 
| 254|0x000000010fe00000, 0x000000010ff00000, 0x000000010ff00000|100%|HC|  |TAMS 0x000000010fe00000| PB 0x000000010fe00000| Complete 
| 255|0x000000010ff00000, 0x0000000110000000, 0x0000000110000000|100%|HS|  |TAMS 0x000000010ff00000| PB 0x000000010ff00000| Complete 
| 256|0x0000000110000000, 0x0000000110100000, 0x0000000110100000|100%|HC|  |TAMS 0x0000000110000000| PB 0x0000000110000000| Complete 
| 257|0x0000000110100000, 0x0000000110200000, 0x0000000110200000|100%|HS|  |TAMS 0x0000000110100000| PB 0x0000000110100000| Complete 
| 258|0x0000000110200000, 0x0000000110300000, 0x0000000110300000|100%|HC|  |TAMS 0x0000000110200000| PB 0x0000000110200000| Complete 
| 259|0x0000000110300000, 0x0000000110400000, 0x0000000110400000|100%| S|  |TAMS 0x0000000110300000| PB 0x0000000110300000| Complete 
| 260|0x0000000110400000, 0x0000000110500000, 0x0000000110500000|100%| S|  |TAMS 0x0000000110400000| PB 0x0000000110400000| Complete 
| 261|0x0000000110500000, 0x0000000110600000, 0x0000000110600000|100%| E|CS|TAMS 0x0000000110500000| PB 0x0000000110500000| Complete 
| 262|0x0000000110600000, 0x0000000110700000, 0x0000000110700000|100%| E|CS|TAMS 0x0000000110600000| PB 0x0000000110600000| Complete 
| 263|0x0000000110700000, 0x0000000110800000, 0x0000000110800000|100%| E|CS|TAMS 0x0000000110700000| PB 0x0000000110700000| Complete 
| 264|0x0000000110800000, 0x0000000110900000, 0x0000000110900000|100%| E|CS|TAMS 0x0000000110800000| PB 0x0000000110800000| Complete 
| 265|0x0000000110900000, 0x0000000110a00000, 0x0000000110a00000|100%| E|CS|TAMS 0x0000000110900000| PB 0x0000000110900000| Complete 
| 266|0x0000000110a00000, 0x0000000110b00000, 0x0000000110b00000|100%| O|  |TAMS 0x0000000110a00000| PB 0x0000000110a00000| Untracked 
| 267|0x0000000110b00000, 0x0000000110c00000, 0x0000000110c00000|100%| O|  |TAMS 0x0000000110b00000| PB 0x0000000110b00000| Untracked 
| 268|0x0000000110c00000, 0x0000000110d00000, 0x0000000110d00000|100%| O|  |TAMS 0x0000000110c00000| PB 0x0000000110c00000| Untracked 
| 269|0x0000000110d00000, 0x0000000110e00000, 0x0000000110e00000|100%| O|  |TAMS 0x0000000110d00000| PB 0x0000000110d00000| Untracked 
| 270|0x0000000110e00000, 0x0000000110f00000, 0x0000000110f00000|100%| O|  |TAMS 0x0000000110e00000| PB 0x0000000110e00000| Untracked 
| 271|0x0000000110f00000, 0x0000000111000000, 0x0000000111000000|100%| E|CS|TAMS 0x0000000110f00000| PB 0x0000000110f00000| Complete 
| 272|0x0000000111000000, 0x0000000111100000, 0x0000000111100000|100%| E|CS|TAMS 0x0000000111000000| PB 0x0000000111000000| Complete 
| 273|0x0000000111100000, 0x0000000111200000, 0x0000000111200000|100%| O|  |TAMS 0x0000000111100000| PB 0x0000000111100000| Untracked 
| 274|0x0000000111200000, 0x0000000111300000, 0x0000000111300000|100%| O|  |TAMS 0x0000000111200000| PB 0x0000000111200000| Untracked 
| 275|0x0000000111300000, 0x0000000111400000, 0x0000000111400000|100%| O|  |TAMS 0x0000000111300000| PB 0x0000000111300000| Untracked 
| 276|0x0000000111400000, 0x0000000111500000, 0x0000000111500000|100%| O|  |TAMS 0x0000000111400000| PB 0x0000000111400000| Untracked 
| 277|0x0000000111500000, 0x0000000111600000, 0x0000000111600000|100%| O|  |TAMS 0x0000000111500000| PB 0x0000000111500000| Untracked 
| 278|0x0000000111600000, 0x0000000111700000, 0x0000000111700000|100%| O|  |TAMS 0x0000000111600000| PB 0x0000000111600000| Untracked 
| 279|0x0000000111700000, 0x0000000111800000, 0x0000000111800000|100%| O|  |TAMS 0x0000000111700000| PB 0x0000000111700000| Untracked 
| 280|0x0000000111800000, 0x0000000111900000, 0x0000000111900000|100%| O|  |TAMS 0x0000000111800000| PB 0x0000000111800000| Untracked 
| 281|0x0000000111900000, 0x0000000111a00000, 0x0000000111a00000|100%| O|  |TAMS 0x0000000111900000| PB 0x0000000111900000| Untracked 
| 282|0x0000000111a00000, 0x0000000111b00000, 0x0000000111b00000|100%| O|  |TAMS 0x0000000111a00000| PB 0x0000000111a00000| Untracked 
| 283|0x0000000111b00000, 0x0000000111c00000, 0x0000000111c00000|100%| O|  |TAMS 0x0000000111b00000| PB 0x0000000111b00000| Untracked 
| 284|0x0000000111c00000, 0x0000000111d00000, 0x0000000111d00000|100%| O|  |TAMS 0x0000000111c00000| PB 0x0000000111c00000| Untracked 
| 285|0x0000000111d00000, 0x0000000111e00000, 0x0000000111e00000|100%| O|  |TAMS 0x0000000111d00000| PB 0x0000000111d00000| Untracked 
| 286|0x0000000111e00000, 0x0000000111f00000, 0x0000000111f00000|100%| O|  |TAMS 0x0000000111e00000| PB 0x0000000111e00000| Untracked 
| 287|0x0000000111f00000, 0x0000000112000000, 0x0000000112000000|100%| O|CS|TAMS 0x0000000111f00000| PB 0x0000000111f00000| Complete 
| 288|0x0000000112000000, 0x0000000112100000, 0x0000000112100000|100%| E|CS|TAMS 0x0000000112000000| PB 0x0000000112000000| Complete 
| 289|0x0000000112100000, 0x0000000112200000, 0x0000000112200000|100%| E|CS|TAMS 0x0000000112100000| PB 0x0000000112100000| Complete 
| 290|0x0000000112200000, 0x0000000112300000, 0x0000000112300000|100%| E|CS|TAMS 0x0000000112200000| PB 0x0000000112200000| Complete 
| 291|0x0000000112300000, 0x0000000112400000, 0x0000000112400000|100%|HS|  |TAMS 0x0000000112300000| PB 0x0000000112300000| Complete 
| 292|0x0000000112400000, 0x0000000112500000, 0x0000000112500000|100%|HC|  |TAMS 0x0000000112400000| PB 0x0000000112400000| Complete 
| 293|0x0000000112500000, 0x0000000112600000, 0x0000000112600000|100%| E|CS|TAMS 0x0000000112500000| PB 0x0000000112500000| Complete 
| 294|0x0000000112600000, 0x0000000112700000, 0x0000000112700000|100%|HS|  |TAMS 0x0000000112600000| PB 0x0000000112600000| Complete 
| 295|0x0000000112700000, 0x0000000112800000, 0x0000000112800000|100%|HC|  |TAMS 0x0000000112700000| PB 0x0000000112700000| Complete 
| 296|0x0000000112800000, 0x0000000112900000, 0x0000000112900000|100%| O|  |TAMS 0x0000000112800000| PB 0x0000000112800000| Untracked 
| 297|0x0000000112900000, 0x0000000112a00000, 0x0000000112a00000|100%| O|  |TAMS 0x0000000112900000| PB 0x0000000112900000| Untracked 
| 298|0x0000000112a00000, 0x0000000112b00000, 0x0000000112b00000|100%| O|  |TAMS 0x0000000112a00000| PB 0x0000000112a00000| Untracked 
| 299|0x0000000112b00000, 0x0000000112c00000, 0x0000000112c00000|100%| E|CS|TAMS 0x0000000112b00000| PB 0x0000000112b00000| Complete 
| 300|0x0000000112c00000, 0x0000000112d00000, 0x0000000112d00000|100%| O|  |TAMS 0x0000000112c00000| PB 0x0000000112c00000| Untracked 
| 301|0x0000000112d00000, 0x0000000112e00000, 0x0000000112e00000|100%| O|  |TAMS 0x0000000112d00000| PB 0x0000000112d00000| Untracked 
| 302|0x0000000112e00000, 0x0000000112f00000, 0x0000000112f00000|100%| O|  |TAMS 0x0000000112e00000| PB 0x0000000112e00000| Untracked 
| 303|0x0000000112f00000, 0x0000000113000000, 0x0000000113000000|100%| O|  |TAMS 0x0000000112f00000| PB 0x0000000112f00000| Untracked 
| 304|0x0000000113000000, 0x0000000113100000, 0x0000000113100000|100%| O|  |TAMS 0x0000000113000000| PB 0x0000000113000000| Untracked 
| 305|0x0000000113100000, 0x0000000113200000, 0x0000000113200000|100%| O|  |TAMS 0x0000000113100000| PB 0x0000000113100000| Untracked 
| 306|0x0000000113200000, 0x0000000113300000, 0x0000000113300000|100%| O|  |TAMS 0x0000000113200000| PB 0x0000000113200000| Untracked 
| 307|0x0000000113300000, 0x0000000113400000, 0x0000000113400000|100%| O|  |TAMS 0x0000000113300000| PB 0x0000000113300000| Untracked 
| 308|0x0000000113400000, 0x0000000113500000, 0x0000000113500000|100%| O|  |TAMS 0x0000000113400000| PB 0x0000000113400000| Untracked 
| 309|0x0000000113500000, 0x0000000113600000, 0x0000000113600000|100%| O|  |TAMS 0x0000000113500000| PB 0x0000000113500000| Untracked 
| 310|0x0000000113600000, 0x0000000113700000, 0x0000000113700000|100%| O|  |TAMS 0x0000000113600000| PB 0x0000000113600000| Untracked 
| 311|0x0000000113700000, 0x0000000113800000, 0x0000000113800000|100%| O|  |TAMS 0x0000000113700000| PB 0x0000000113700000| Untracked 
| 312|0x0000000113800000, 0x0000000113900000, 0x0000000113900000|100%| O|  |TAMS 0x0000000113800000| PB 0x0000000113800000| Untracked 
| 313|0x0000000113900000, 0x0000000113a00000, 0x0000000113a00000|100%| O|  |TAMS 0x0000000113900000| PB 0x0000000113900000| Untracked 
| 314|0x0000000113a00000, 0x0000000113b00000, 0x0000000113b00000|100%| O|  |TAMS 0x0000000113a00000| PB 0x0000000113a00000| Untracked 
| 315|0x0000000113b00000, 0x0000000113c00000, 0x0000000113c00000|100%| O|  |TAMS 0x0000000113b00000| PB 0x0000000113b00000| Untracked 
| 316|0x0000000113c00000, 0x0000000113d00000, 0x0000000113d00000|100%| O|  |TAMS 0x0000000113c00000| PB 0x0000000113c00000| Untracked 
| 317|0x0000000113d00000, 0x0000000113e00000, 0x0000000113e00000|100%| O|  |TAMS 0x0000000113d00000| PB 0x0000000113d00000| Untracked 
| 318|0x0000000113e00000, 0x0000000113f00000, 0x0000000113f00000|100%| O|  |TAMS 0x0000000113e00000| PB 0x0000000113e00000| Untracked 
| 319|0x0000000113f00000, 0x0000000114000000, 0x0000000114000000|100%| O|  |TAMS 0x0000000113f00000| PB 0x0000000113f00000| Untracked 
| 320|0x0000000114000000, 0x0000000114100000, 0x0000000114100000|100%| O|  |TAMS 0x0000000114000000| PB 0x0000000114000000| Untracked 
| 321|0x0000000114100000, 0x0000000114200000, 0x0000000114200000|100%| O|  |TAMS 0x0000000114100000| PB 0x0000000114100000| Untracked 
| 322|0x0000000114200000, 0x0000000114300000, 0x0000000114300000|100%| O|  |TAMS 0x0000000114200000| PB 0x0000000114200000| Untracked 
| 323|0x0000000114300000, 0x0000000114400000, 0x0000000114400000|100%| O|  |TAMS 0x0000000114300000| PB 0x0000000114300000| Untracked 
| 324|0x0000000114400000, 0x0000000114500000, 0x0000000114500000|100%| O|  |TAMS 0x0000000114400000| PB 0x0000000114400000| Untracked 
| 325|0x0000000114500000, 0x0000000114600000, 0x0000000114600000|100%| O|  |TAMS 0x0000000114500000| PB 0x0000000114500000| Untracked 
| 326|0x0000000114600000, 0x0000000114700000, 0x0000000114700000|100%| O|  |TAMS 0x0000000114600000| PB 0x0000000114600000| Untracked 
| 327|0x0000000114700000, 0x0000000114800000, 0x0000000114800000|100%| O|  |TAMS 0x0000000114700000| PB 0x0000000114700000| Untracked 
| 328|0x0000000114800000, 0x0000000114900000, 0x0000000114900000|100%| O|  |TAMS 0x0000000114800000| PB 0x0000000114800000| Untracked 
| 329|0x0000000114900000, 0x0000000114a00000, 0x0000000114a00000|100%| O|  |TAMS 0x0000000114900000| PB 0x0000000114900000| Untracked 
| 330|0x0000000114a00000, 0x0000000114b00000, 0x0000000114b00000|100%| O|  |TAMS 0x0000000114a00000| PB 0x0000000114a00000| Untracked 
| 331|0x0000000114b00000, 0x0000000114c00000, 0x0000000114c00000|100%| O|  |TAMS 0x0000000114b00000| PB 0x0000000114b00000| Untracked 
| 332|0x0000000114c00000, 0x0000000114d00000, 0x0000000114d00000|100%| O|  |TAMS 0x0000000114c00000| PB 0x0000000114c00000| Untracked 
| 333|0x0000000114d00000, 0x0000000114e00000, 0x0000000114e00000|100%| O|  |TAMS 0x0000000114d00000| PB 0x0000000114d00000| Untracked 
| 334|0x0000000114e00000, 0x0000000114f00000, 0x0000000114f00000|100%| O|  |TAMS 0x0000000114e00000| PB 0x0000000114e00000| Untracked 
| 335|0x0000000114f00000, 0x0000000115000000, 0x0000000115000000|100%| O|  |TAMS 0x0000000114f00000| PB 0x0000000114f00000| Untracked 
| 336|0x0000000115000000, 0x0000000115100000, 0x0000000115100000|100%| O|  |TAMS 0x0000000115000000| PB 0x0000000115000000| Untracked 
| 337|0x0000000115100000, 0x0000000115200000, 0x0000000115200000|100%| O|  |TAMS 0x0000000115100000| PB 0x0000000115100000| Untracked 
| 338|0x0000000115200000, 0x0000000115300000, 0x0000000115300000|100%| O|  |TAMS 0x0000000115200000| PB 0x0000000115200000| Untracked 
| 339|0x0000000115300000, 0x0000000115400000, 0x0000000115400000|100%|HS|  |TAMS 0x0000000115300000| PB 0x0000000115300000| Complete 
| 340|0x0000000115400000, 0x0000000115500000, 0x0000000115500000|100%|HC|  |TAMS 0x0000000115400000| PB 0x0000000115400000| Complete 
| 341|0x0000000115500000, 0x0000000115600000, 0x0000000115600000|100%|HC|  |TAMS 0x0000000115500000| PB 0x0000000115500000| Complete 
| 342|0x0000000115600000, 0x0000000115700000, 0x0000000115700000|100%|HC|  |TAMS 0x0000000115600000| PB 0x0000000115600000| Complete 
| 343|0x0000000115700000, 0x0000000115800000, 0x0000000115800000|100%|HC|  |TAMS 0x0000000115700000| PB 0x0000000115700000| Complete 
| 344|0x0000000115800000, 0x0000000115900000, 0x0000000115900000|100%|HC|  |TAMS 0x0000000115800000| PB 0x0000000115800000| Complete 
| 345|0x0000000115900000, 0x0000000115a00000, 0x0000000115a00000|100%|HC|  |TAMS 0x0000000115900000| PB 0x0000000115900000| Complete 
| 346|0x0000000115a00000, 0x0000000115b00000, 0x0000000115b00000|100%|HC|  |TAMS 0x0000000115a00000| PB 0x0000000115a00000| Complete 
| 347|0x0000000115b00000, 0x0000000115c00000, 0x0000000115c00000|100%|HC|  |TAMS 0x0000000115b00000| PB 0x0000000115b00000| Complete 
| 348|0x0000000115c00000, 0x0000000115d00000, 0x0000000115d00000|100%|HC|  |TAMS 0x0000000115c00000| PB 0x0000000115c00000| Complete 
| 349|0x0000000115d00000, 0x0000000115e00000, 0x0000000115e00000|100%|HC|  |TAMS 0x0000000115d00000| PB 0x0000000115d00000| Complete 
| 350|0x0000000115e00000, 0x0000000115f00000, 0x0000000115f00000|100%|HC|  |TAMS 0x0000000115e00000| PB 0x0000000115e00000| Complete 
| 351|0x0000000115f00000, 0x0000000116000000, 0x0000000116000000|100%|HC|  |TAMS 0x0000000115f00000| PB 0x0000000115f00000| Complete 
| 352|0x0000000116000000, 0x0000000116100000, 0x0000000116100000|100%|HC|  |TAMS 0x0000000116000000| PB 0x0000000116000000| Complete 
| 353|0x0000000116100000, 0x0000000116200000, 0x0000000116200000|100%|HS|  |TAMS 0x0000000116100000| PB 0x0000000116100000| Complete 
| 354|0x0000000116200000, 0x0000000116300000, 0x0000000116300000|100%|HC|  |TAMS 0x0000000116200000| PB 0x0000000116200000| Complete 
| 355|0x0000000116300000, 0x0000000116400000, 0x0000000116400000|100%|HC|  |TAMS 0x0000000116300000| PB 0x0000000116300000| Complete 
| 356|0x0000000116400000, 0x0000000116500000, 0x0000000116500000|100%|HC|  |TAMS 0x0000000116400000| PB 0x0000000116400000| Complete 
| 357|0x0000000116500000, 0x0000000116600000, 0x0000000116600000|100%|HC|  |TAMS 0x0000000116500000| PB 0x0000000116500000| Complete 
| 358|0x0000000116600000, 0x0000000116700000, 0x0000000116700000|100%|HC|  |TAMS 0x0000000116600000| PB 0x0000000116600000| Complete 
| 359|0x0000000116700000, 0x0000000116800000, 0x0000000116800000|100%|HC|  |TAMS 0x0000000116700000| PB 0x0000000116700000| Complete 
| 360|0x0000000116800000, 0x0000000116900000, 0x0000000116900000|100%|HC|  |TAMS 0x0000000116800000| PB 0x0000000116800000| Complete 
| 361|0x0000000116900000, 0x0000000116a00000, 0x0000000116a00000|100%| O|  |TAMS 0x0000000116900000| PB 0x0000000116900000| Untracked 
| 362|0x0000000116a00000, 0x0000000116b00000, 0x0000000116b00000|100%| O|  |TAMS 0x0000000116a00000| PB 0x0000000116a00000| Untracked 
| 363|0x0000000116b00000, 0x0000000116c00000, 0x0000000116c00000|100%| O|  |TAMS 0x0000000116b00000| PB 0x0000000116b00000| Untracked 
| 364|0x0000000116c00000, 0x0000000116d00000, 0x0000000116d00000|100%| O|  |TAMS 0x0000000116c00000| PB 0x0000000116c00000| Untracked 
| 365|0x0000000116d00000, 0x0000000116e00000, 0x0000000116e00000|100%| O|  |TAMS 0x0000000116d00000| PB 0x0000000116d00000| Untracked 
| 366|0x0000000116e00000, 0x0000000116f00000, 0x0000000116f00000|100%| O|  |TAMS 0x0000000116e00000| PB 0x0000000116e00000| Untracked 
| 367|0x0000000116f00000, 0x0000000117000000, 0x0000000117000000|100%| O|  |TAMS 0x0000000116f00000| PB 0x0000000116f00000| Untracked 
| 368|0x0000000117000000, 0x0000000117100000, 0x0000000117100000|100%|HS|  |TAMS 0x0000000117000000| PB 0x0000000117000000| Complete 
| 369|0x0000000117100000, 0x0000000117200000, 0x0000000117200000|100%|HC|  |TAMS 0x0000000117100000| PB 0x0000000117100000| Complete 
| 370|0x0000000117200000, 0x0000000117300000, 0x0000000117300000|100%|HC|  |TAMS 0x0000000117200000| PB 0x0000000117200000| Complete 
| 371|0x0000000117300000, 0x0000000117400000, 0x0000000117400000|100%|HC|  |TAMS 0x0000000117300000| PB 0x0000000117300000| Complete 
| 372|0x0000000117400000, 0x0000000117500000, 0x0000000117500000|100%|HC|  |TAMS 0x0000000117400000| PB 0x0000000117400000| Complete 
| 373|0x0000000117500000, 0x0000000117600000, 0x0000000117600000|100%|HC|  |TAMS 0x0000000117500000| PB 0x0000000117500000| Complete 
| 374|0x0000000117600000, 0x0000000117700000, 0x0000000117700000|100%|HC|  |TAMS 0x0000000117600000| PB 0x0000000117600000| Complete 
| 375|0x0000000117700000, 0x0000000117800000, 0x0000000117800000|100%|HC|  |TAMS 0x0000000117700000| PB 0x0000000117700000| Complete 
| 376|0x0000000117800000, 0x0000000117900000, 0x0000000117900000|100%|HC|  |TAMS 0x0000000117800000| PB 0x0000000117800000| Complete 
| 377|0x0000000117900000, 0x0000000117a00000, 0x0000000117a00000|100%|HC|  |TAMS 0x0000000117900000| PB 0x0000000117900000| Complete 
| 378|0x0000000117a00000, 0x0000000117b00000, 0x0000000117b00000|100%|HC|  |TAMS 0x0000000117a00000| PB 0x0000000117a00000| Complete 
| 379|0x0000000117b00000, 0x0000000117c00000, 0x0000000117c00000|100%|HC|  |TAMS 0x0000000117b00000| PB 0x0000000117b00000| Complete 
| 380|0x0000000117c00000, 0x0000000117d00000, 0x0000000117d00000|100%|HS|  |TAMS 0x0000000117c00000| PB 0x0000000117c00000| Complete 
| 381|0x0000000117d00000, 0x0000000117e00000, 0x0000000117e00000|100%|HC|  |TAMS 0x0000000117d00000| PB 0x0000000117d00000| Complete 
| 382|0x0000000117e00000, 0x0000000117f00000, 0x0000000117f00000|100%|HC|  |TAMS 0x0000000117e00000| PB 0x0000000117e00000| Complete 
| 383|0x0000000117f00000, 0x0000000118000000, 0x0000000118000000|100%|HC|  |TAMS 0x0000000117f00000| PB 0x0000000117f00000| Complete 
| 384|0x0000000118000000, 0x0000000118100000, 0x0000000118100000|100%|HC|  |TAMS 0x0000000118000000| PB 0x0000000118000000| Complete 
| 385|0x0000000118100000, 0x0000000118200000, 0x0000000118200000|100%|HC|  |TAMS 0x0000000118100000| PB 0x0000000118100000| Complete 
| 386|0x0000000118200000, 0x0000000118300000, 0x0000000118300000|100%|HC|  |TAMS 0x0000000118200000| PB 0x0000000118200000| Complete 
| 387|0x0000000118300000, 0x0000000118400000, 0x0000000118400000|100%|HC|  |TAMS 0x0000000118300000| PB 0x0000000118300000| Complete 
| 388|0x0000000118400000, 0x0000000118500000, 0x0000000118500000|100%|HC|  |TAMS 0x0000000118400000| PB 0x0000000118400000| Complete 
| 389|0x0000000118500000, 0x0000000118600000, 0x0000000118600000|100%|HC|  |TAMS 0x0000000118500000| PB 0x0000000118500000| Complete 
| 390|0x0000000118600000, 0x0000000118700000, 0x0000000118700000|100%|HC|  |TAMS 0x0000000118600000| PB 0x0000000118600000| Complete 
| 391|0x0000000118700000, 0x0000000118800000, 0x0000000118800000|100%|HC|  |TAMS 0x0000000118700000| PB 0x0000000118700000| Complete 
| 392|0x0000000118800000, 0x0000000118900000, 0x0000000118900000|100%|HC|  |TAMS 0x0000000118800000| PB 0x0000000118800000| Complete 
| 393|0x0000000118900000, 0x0000000118a00000, 0x0000000118a00000|100%|HC|  |TAMS 0x0000000118900000| PB 0x0000000118900000| Complete 
| 394|0x0000000118a00000, 0x0000000118b00000, 0x0000000118b00000|100%|HC|  |TAMS 0x0000000118a00000| PB 0x0000000118a00000| Complete 
| 395|0x0000000118b00000, 0x0000000118c00000, 0x0000000118c00000|100%|HS|  |TAMS 0x0000000118b00000| PB 0x0000000118b00000| Complete 
| 396|0x0000000118c00000, 0x0000000118d00000, 0x0000000118d00000|100%|HC|  |TAMS 0x0000000118c00000| PB 0x0000000118c00000| Complete 
| 397|0x0000000118d00000, 0x0000000118e00000, 0x0000000118e00000|100%|HC|  |TAMS 0x0000000118d00000| PB 0x0000000118d00000| Complete 
| 398|0x0000000118e00000, 0x0000000118f00000, 0x0000000118f00000|100%|HC|  |TAMS 0x0000000118e00000| PB 0x0000000118e00000| Complete 
| 399|0x0000000118f00000, 0x0000000119000000, 0x0000000119000000|100%|HC|  |TAMS 0x0000000118f00000| PB 0x0000000118f00000| Complete 
| 400|0x0000000119000000, 0x0000000119100000, 0x0000000119100000|100%|HC|  |TAMS 0x0000000119000000| PB 0x0000000119000000| Complete 
| 401|0x0000000119100000, 0x0000000119200000, 0x0000000119200000|100%|HC|  |TAMS 0x0000000119100000| PB 0x0000000119100000| Complete 
| 402|0x0000000119200000, 0x0000000119300000, 0x0000000119300000|100%|HC|  |TAMS 0x0000000119200000| PB 0x0000000119200000| Complete 
| 403|0x0000000119300000, 0x0000000119400000, 0x0000000119400000|100%|HC|  |TAMS 0x0000000119300000| PB 0x0000000119300000| Complete 
| 404|0x0000000119400000, 0x0000000119500000, 0x0000000119500000|100%|HC|  |TAMS 0x0000000119400000| PB 0x0000000119400000| Complete 
| 405|0x0000000119500000, 0x0000000119600000, 0x0000000119600000|100%|HC|  |TAMS 0x0000000119500000| PB 0x0000000119500000| Complete 
| 406|0x0000000119600000, 0x0000000119700000, 0x0000000119700000|100%|HC|  |TAMS 0x0000000119600000| PB 0x0000000119600000| Complete 
| 407|0x0000000119700000, 0x0000000119800000, 0x0000000119800000|100%|HC|  |TAMS 0x0000000119700000| PB 0x0000000119700000| Complete 
| 408|0x0000000119800000, 0x0000000119900000, 0x0000000119900000|100%|HC|  |TAMS 0x0000000119800000| PB 0x0000000119800000| Complete 
| 409|0x0000000119900000, 0x0000000119a00000, 0x0000000119a00000|100%| E|CS|TAMS 0x0000000119900000| PB 0x0000000119900000| Complete 
| 410|0x0000000119a00000, 0x0000000119b00000, 0x0000000119b00000|100%| E|CS|TAMS 0x0000000119a00000| PB 0x0000000119a00000| Complete 
| 411|0x0000000119b00000, 0x0000000119c00000, 0x0000000119c00000|100%| E|CS|TAMS 0x0000000119b00000| PB 0x0000000119b00000| Complete 
| 412|0x0000000119c00000, 0x0000000119d00000, 0x0000000119d00000|100%| E|CS|TAMS 0x0000000119c00000| PB 0x0000000119c00000| Complete 
| 413|0x0000000119d00000, 0x0000000119e00000, 0x0000000119e00000|100%| E|CS|TAMS 0x0000000119d00000| PB 0x0000000119d00000| Complete 
| 414|0x0000000119e00000, 0x0000000119f00000, 0x0000000119f00000|100%| E|CS|TAMS 0x0000000119e00000| PB 0x0000000119e00000| Complete 
| 415|0x0000000119f00000, 0x000000011a000000, 0x000000011a000000|100%| E|CS|TAMS 0x0000000119f00000| PB 0x0000000119f00000| Complete 
| 416|0x000000011a000000, 0x000000011a100000, 0x000000011a100000|100%| E|CS|TAMS 0x000000011a000000| PB 0x000000011a000000| Complete 
| 417|0x000000011a100000, 0x000000011a200000, 0x000000011a200000|100%| E|CS|TAMS 0x000000011a100000| PB 0x000000011a100000| Complete 
| 418|0x000000011a200000, 0x000000011a300000, 0x000000011a300000|100%| E|CS|TAMS 0x000000011a200000| PB 0x000000011a200000| Complete 
| 419|0x000000011a300000, 0x000000011a400000, 0x000000011a400000|100%| E|CS|TAMS 0x000000011a300000| PB 0x000000011a300000| Complete 
| 420|0x000000011a400000, 0x000000011a500000, 0x000000011a500000|100%| E|CS|TAMS 0x000000011a400000| PB 0x000000011a400000| Complete 
| 421|0x000000011a500000, 0x000000011a600000, 0x000000011a600000|100%| E|CS|TAMS 0x000000011a500000| PB 0x000000011a500000| Complete 
| 422|0x000000011a600000, 0x000000011a700000, 0x000000011a700000|100%| E|CS|TAMS 0x000000011a600000| PB 0x000000011a600000| Complete 
| 423|0x000000011a700000, 0x000000011a800000, 0x000000011a800000|100%| E|CS|TAMS 0x000000011a700000| PB 0x000000011a700000| Complete 
| 424|0x000000011a800000, 0x000000011a900000, 0x000000011a900000|100%| E|CS|TAMS 0x000000011a800000| PB 0x000000011a800000| Complete 
| 425|0x000000011a900000, 0x000000011aa00000, 0x000000011aa00000|100%| E|CS|TAMS 0x000000011a900000| PB 0x000000011a900000| Complete 
| 426|0x000000011aa00000, 0x000000011ab00000, 0x000000011ab00000|100%| E|CS|TAMS 0x000000011aa00000| PB 0x000000011aa00000| Complete 
| 427|0x000000011ab00000, 0x000000011ac00000, 0x000000011ac00000|100%| E|CS|TAMS 0x000000011ab00000| PB 0x000000011ab00000| Complete 
| 428|0x000000011ac00000, 0x000000011ad00000, 0x000000011ad00000|100%| E|CS|TAMS 0x000000011ac00000| PB 0x000000011ac00000| Complete 
| 429|0x000000011ad00000, 0x000000011ae00000, 0x000000011ae00000|100%| E|CS|TAMS 0x000000011ad00000| PB 0x000000011ad00000| Complete 
| 430|0x000000011ae00000, 0x000000011af00000, 0x000000011af00000|100%| E|CS|TAMS 0x000000011ae00000| PB 0x000000011ae00000| Complete 
| 431|0x000000011af00000, 0x000000011b000000, 0x000000011b000000|100%| E|CS|TAMS 0x000000011af00000| PB 0x000000011af00000| Complete 
| 432|0x000000011b000000, 0x000000011b100000, 0x000000011b100000|100%| E|CS|TAMS 0x000000011b000000| PB 0x000000011b000000| Complete 
| 433|0x000000011b100000, 0x000000011b200000, 0x000000011b200000|100%| E|CS|TAMS 0x000000011b100000| PB 0x000000011b100000| Complete 
| 434|0x000000011b200000, 0x000000011b300000, 0x000000011b300000|100%| E|CS|TAMS 0x000000011b200000| PB 0x000000011b200000| Complete 
| 435|0x000000011b300000, 0x000000011b400000, 0x000000011b400000|100%| E|CS|TAMS 0x000000011b300000| PB 0x000000011b300000| Complete 
| 436|0x000000011b400000, 0x000000011b500000, 0x000000011b500000|100%| E|CS|TAMS 0x000000011b400000| PB 0x000000011b400000| Complete 
| 437|0x000000011b500000, 0x000000011b600000, 0x000000011b600000|100%| E|CS|TAMS 0x000000011b500000| PB 0x000000011b500000| Complete 
| 438|0x000000011b600000, 0x000000011b700000, 0x000000011b700000|100%| E|CS|TAMS 0x000000011b600000| PB 0x000000011b600000| Complete 
| 439|0x000000011b700000, 0x000000011b800000, 0x000000011b800000|100%| E|CS|TAMS 0x000000011b700000| PB 0x000000011b700000| Complete 
| 440|0x000000011b800000, 0x000000011b900000, 0x000000011b900000|100%| E|CS|TAMS 0x000000011b800000| PB 0x000000011b800000| Complete 
| 441|0x000000011b900000, 0x000000011ba00000, 0x000000011ba00000|100%| E|CS|TAMS 0x000000011b900000| PB 0x000000011b900000| Complete 
| 442|0x000000011ba00000, 0x000000011bb00000, 0x000000011bb00000|100%| E|CS|TAMS 0x000000011ba00000| PB 0x000000011ba00000| Complete 
| 443|0x000000011bb00000, 0x000000011bc00000, 0x000000011bc00000|100%| E|CS|TAMS 0x000000011bb00000| PB 0x000000011bb00000| Complete 
| 444|0x000000011bc00000, 0x000000011bd00000, 0x000000011bd00000|100%| E|CS|TAMS 0x000000011bc00000| PB 0x000000011bc00000| Complete 
| 445|0x000000011bd00000, 0x000000011be00000, 0x000000011be00000|100%| E|CS|TAMS 0x000000011bd00000| PB 0x000000011bd00000| Complete 
| 446|0x000000011be00000, 0x000000011bf00000, 0x000000011bf00000|100%| E|CS|TAMS 0x000000011be00000| PB 0x000000011be00000| Complete 
| 447|0x000000011bf00000, 0x000000011c000000, 0x000000011c000000|100%|HS|  |TAMS 0x000000011bf00000| PB 0x000000011bf00000| Complete 
| 448|0x000000011c000000, 0x000000011c100000, 0x000000011c100000|100%|HC|  |TAMS 0x000000011c000000| PB 0x000000011c000000| Complete 
| 449|0x000000011c100000, 0x000000011c200000, 0x000000011c200000|100%|HC|  |TAMS 0x000000011c100000| PB 0x000000011c100000| Complete 
| 450|0x000000011c200000, 0x000000011c300000, 0x000000011c300000|100%|HC|  |TAMS 0x000000011c200000| PB 0x000000011c200000| Complete 
| 451|0x000000011c300000, 0x000000011c400000, 0x000000011c400000|100%|HC|  |TAMS 0x000000011c300000| PB 0x000000011c300000| Complete 
| 452|0x000000011c400000, 0x000000011c500000, 0x000000011c500000|100%|HC|  |TAMS 0x000000011c400000| PB 0x000000011c400000| Complete 
| 453|0x000000011c500000, 0x000000011c600000, 0x000000011c600000|100%|HC|  |TAMS 0x000000011c500000| PB 0x000000011c500000| Complete 
| 454|0x000000011c600000, 0x000000011c700000, 0x000000011c700000|100%|HC|  |TAMS 0x000000011c600000| PB 0x000000011c600000| Complete 
| 455|0x000000011c700000, 0x000000011c800000, 0x000000011c800000|100%|HC|  |TAMS 0x000000011c700000| PB 0x000000011c700000| Complete 
| 456|0x000000011c800000, 0x000000011c900000, 0x000000011c900000|100%|HC|  |TAMS 0x000000011c800000| PB 0x000000011c800000| Complete 
| 457|0x000000011c900000, 0x000000011ca00000, 0x000000011ca00000|100%|HC|  |TAMS 0x000000011c900000| PB 0x000000011c900000| Complete 
| 458|0x000000011ca00000, 0x000000011cb00000, 0x000000011cb00000|100%|HC|  |TAMS 0x000000011ca00000| PB 0x000000011ca00000| Complete 
| 459|0x000000011cb00000, 0x000000011cc00000, 0x000000011cc00000|100%|HC|  |TAMS 0x000000011cb00000| PB 0x000000011cb00000| Complete 
| 460|0x000000011cc00000, 0x000000011cd00000, 0x000000011cd00000|100%|HC|  |TAMS 0x000000011cc00000| PB 0x000000011cc00000| Complete 
| 461|0x000000011cd00000, 0x000000011ce00000, 0x000000011ce00000|100%|HC|  |TAMS 0x000000011cd00000| PB 0x000000011cd00000| Complete 
| 462|0x000000011ce00000, 0x000000011cf00000, 0x000000011cf00000|100%|HC|  |TAMS 0x000000011ce00000| PB 0x000000011ce00000| Complete 
| 463|0x000000011cf00000, 0x000000011d000000, 0x000000011d000000|100%|HC|  |TAMS 0x000000011cf00000| PB 0x000000011cf00000| Complete 
| 464|0x000000011d000000, 0x000000011d100000, 0x000000011d100000|100%|HC|  |TAMS 0x000000011d000000| PB 0x000000011d000000| Complete 
| 465|0x000000011d100000, 0x000000011d200000, 0x000000011d200000|100%|HC|  |TAMS 0x000000011d100000| PB 0x000000011d100000| Complete 
| 466|0x000000011d200000, 0x000000011d300000, 0x000000011d300000|100%|HC|  |TAMS 0x000000011d200000| PB 0x000000011d200000| Complete 
| 467|0x000000011d300000, 0x000000011d400000, 0x000000011d400000|100%|HC|  |TAMS 0x000000011d300000| PB 0x000000011d300000| Complete 
| 468|0x000000011d400000, 0x000000011d500000, 0x000000011d500000|100%|HC|  |TAMS 0x000000011d400000| PB 0x000000011d400000| Complete 
| 469|0x000000011d500000, 0x000000011d600000, 0x000000011d600000|100%|HC|  |TAMS 0x000000011d500000| PB 0x000000011d500000| Complete 
| 470|0x000000011d600000, 0x000000011d700000, 0x000000011d700000|100%|HC|  |TAMS 0x000000011d600000| PB 0x000000011d600000| Complete 
| 471|0x000000011d700000, 0x000000011d800000, 0x000000011d800000|100%|HS|  |TAMS 0x000000011d700000| PB 0x000000011d700000| Complete 
| 472|0x000000011d800000, 0x000000011d900000, 0x000000011d900000|100%|HC|  |TAMS 0x000000011d800000| PB 0x000000011d800000| Complete 
| 473|0x000000011d900000, 0x000000011da00000, 0x000000011da00000|100%|HC|  |TAMS 0x000000011d900000| PB 0x000000011d900000| Complete 
| 474|0x000000011da00000, 0x000000011db00000, 0x000000011db00000|100%|HC|  |TAMS 0x000000011da00000| PB 0x000000011da00000| Complete 
| 475|0x000000011db00000, 0x000000011dc00000, 0x000000011dc00000|100%|HC|  |TAMS 0x000000011db00000| PB 0x000000011db00000| Complete 
| 476|0x000000011dc00000, 0x000000011dd00000, 0x000000011dd00000|100%|HC|  |TAMS 0x000000011dc00000| PB 0x000000011dc00000| Complete 
| 477|0x000000011dd00000, 0x000000011de00000, 0x000000011de00000|100%|HC|  |TAMS 0x000000011dd00000| PB 0x000000011dd00000| Complete 
| 478|0x000000011de00000, 0x000000011df00000, 0x000000011df00000|100%|HC|  |TAMS 0x000000011de00000| PB 0x000000011de00000| Complete 
| 479|0x000000011df00000, 0x000000011e000000, 0x000000011e000000|100%|HC|  |TAMS 0x000000011df00000| PB 0x000000011df00000| Complete 
| 480|0x000000011e000000, 0x000000011e100000, 0x000000011e100000|100%|HC|  |TAMS 0x000000011e000000| PB 0x000000011e000000| Complete 
| 481|0x000000011e100000, 0x000000011e200000, 0x000000011e200000|100%|HC|  |TAMS 0x000000011e100000| PB 0x000000011e100000| Complete 
| 482|0x000000011e200000, 0x000000011e300000, 0x000000011e300000|100%|HC|  |TAMS 0x000000011e200000| PB 0x000000011e200000| Complete 
| 483|0x000000011e300000, 0x000000011e400000, 0x000000011e400000|100%|HC|  |TAMS 0x000000011e300000| PB 0x000000011e300000| Complete 
| 484|0x000000011e400000, 0x000000011e500000, 0x000000011e500000|100%|HC|  |TAMS 0x000000011e400000| PB 0x000000011e400000| Complete 
| 485|0x000000011e500000, 0x000000011e600000, 0x000000011e600000|100%|HS|  |TAMS 0x000000011e500000| PB 0x000000011e500000| Complete 
| 486|0x000000011e600000, 0x000000011e700000, 0x000000011e700000|100%|HC|  |TAMS 0x000000011e600000| PB 0x000000011e600000| Complete 
| 487|0x000000011e700000, 0x000000011e800000, 0x000000011e800000|100%|HC|  |TAMS 0x000000011e700000| PB 0x000000011e700000| Complete 
| 488|0x000000011e800000, 0x000000011e900000, 0x000000011e900000|100%|HC|  |TAMS 0x000000011e800000| PB 0x000000011e800000| Complete 
| 489|0x000000011e900000, 0x000000011ea00000, 0x000000011ea00000|100%|HC|  |TAMS 0x000000011e900000| PB 0x000000011e900000| Complete 
| 490|0x000000011ea00000, 0x000000011eb00000, 0x000000011eb00000|100%|HC|  |TAMS 0x000000011ea00000| PB 0x000000011ea00000| Complete 
| 491|0x000000011eb00000, 0x000000011ec00000, 0x000000011ec00000|100%|HC|  |TAMS 0x000000011eb00000| PB 0x000000011eb00000| Complete 
| 492|0x000000011ec00000, 0x000000011ed00000, 0x000000011ed00000|100%|HC|  |TAMS 0x000000011ec00000| PB 0x000000011ec00000| Complete 
| 493|0x000000011ed00000, 0x000000011ee00000, 0x000000011ee00000|100%|HS|  |TAMS 0x000000011ed00000| PB 0x000000011ed00000| Complete 
| 494|0x000000011ee00000, 0x000000011ef00000, 0x000000011ef00000|100%|HC|  |TAMS 0x000000011ee00000| PB 0x000000011ee00000| Complete 
| 495|0x000000011ef00000, 0x000000011f000000, 0x000000011f000000|100%|HC|  |TAMS 0x000000011ef00000| PB 0x000000011ef00000| Complete 
| 496|0x000000011f000000, 0x000000011f100000, 0x000000011f100000|100%|HC|  |TAMS 0x000000011f000000| PB 0x000000011f000000| Complete 
| 497|0x000000011f100000, 0x000000011f200000, 0x000000011f200000|100%|HC|  |TAMS 0x000000011f100000| PB 0x000000011f100000| Complete 
| 498|0x000000011f200000, 0x000000011f300000, 0x000000011f300000|100%|HC|  |TAMS 0x000000011f200000| PB 0x000000011f200000| Complete 
| 499|0x000000011f300000, 0x000000011f400000, 0x000000011f400000|100%|HC|  |TAMS 0x000000011f300000| PB 0x000000011f300000| Complete 
| 500|0x000000011f400000, 0x000000011f500000, 0x000000011f500000|100%|HC|  |TAMS 0x000000011f400000| PB 0x000000011f400000| Complete 
| 501|0x000000011f500000, 0x000000011f600000, 0x000000011f600000|100%| E|CS|TAMS 0x000000011f500000| PB 0x000000011f500000| Complete 
| 502|0x000000011f600000, 0x000000011f700000, 0x000000011f700000|100%| E|CS|TAMS 0x000000011f600000| PB 0x000000011f600000| Complete 
| 503|0x000000011f700000, 0x000000011f800000, 0x000000011f800000|100%| E|CS|TAMS 0x000000011f700000| PB 0x000000011f700000| Complete 
| 504|0x000000011f800000, 0x000000011f900000, 0x000000011f900000|100%| E|CS|TAMS 0x000000011f800000| PB 0x000000011f800000| Complete 
| 505|0x000000011f900000, 0x000000011fa00000, 0x000000011fa00000|100%| E|CS|TAMS 0x000000011f900000| PB 0x000000011f900000| Complete 
| 506|0x000000011fa00000, 0x000000011fb00000, 0x000000011fb00000|100%| E|CS|TAMS 0x000000011fa00000| PB 0x000000011fa00000| Complete 
| 507|0x000000011fb00000, 0x000000011fc00000, 0x000000011fc00000|100%| E|CS|TAMS 0x000000011fb00000| PB 0x000000011fb00000| Complete 
| 508|0x000000011fc00000, 0x000000011fd00000, 0x000000011fd00000|100%| E|CS|TAMS 0x000000011fc00000| PB 0x000000011fc00000| Complete 
| 509|0x000000011fd00000, 0x000000011fe00000, 0x000000011fe00000|100%| E|CS|TAMS 0x000000011fd00000| PB 0x000000011fd00000| Complete 
| 510|0x000000011fe00000, 0x000000011ff00000, 0x000000011ff00000|100%| E|CS|TAMS 0x000000011fe00000| PB 0x000000011fe00000| Complete 
| 511|0x000000011ff00000, 0x0000000120000000, 0x0000000120000000|100%| E|CS|TAMS 0x000000011ff00000| PB 0x000000011ff00000| Complete 
| 512|0x0000000120000000, 0x0000000120100000, 0x0000000120100000|100%| E|CS|TAMS 0x0000000120000000| PB 0x0000000120000000| Complete 
| 513|0x0000000120100000, 0x0000000120200000, 0x0000000120200000|100%| E|CS|TAMS 0x0000000120100000| PB 0x0000000120100000| Complete 
| 514|0x0000000120200000, 0x0000000120300000, 0x0000000120300000|100%| E|CS|TAMS 0x0000000120200000| PB 0x0000000120200000| Complete 
| 515|0x0000000120300000, 0x0000000120400000, 0x0000000120400000|100%| E|CS|TAMS 0x0000000120300000| PB 0x0000000120300000| Complete 
| 516|0x0000000120400000, 0x0000000120500000, 0x0000000120500000|100%| E|CS|TAMS 0x0000000120400000| PB 0x0000000120400000| Complete 
| 517|0x0000000120500000, 0x0000000120600000, 0x0000000120600000|100%| E|CS|TAMS 0x0000000120500000| PB 0x0000000120500000| Complete 
| 518|0x0000000120600000, 0x0000000120700000, 0x0000000120700000|100%| E|CS|TAMS 0x0000000120600000| PB 0x0000000120600000| Complete 
| 519|0x0000000120700000, 0x0000000120800000, 0x0000000120800000|100%| E|CS|TAMS 0x0000000120700000| PB 0x0000000120700000| Complete 
| 520|0x0000000120800000, 0x0000000120900000, 0x0000000120900000|100%| E|CS|TAMS 0x0000000120800000| PB 0x0000000120800000| Complete 
| 521|0x0000000120900000, 0x0000000120a00000, 0x0000000120a00000|100%| E|CS|TAMS 0x0000000120900000| PB 0x0000000120900000| Complete 
| 522|0x0000000120a00000, 0x0000000120b00000, 0x0000000120b00000|100%| E|CS|TAMS 0x0000000120a00000| PB 0x0000000120a00000| Complete 
| 523|0x0000000120b00000, 0x0000000120c00000, 0x0000000120c00000|100%| E|CS|TAMS 0x0000000120b00000| PB 0x0000000120b00000| Complete 
| 524|0x0000000120c00000, 0x0000000120d00000, 0x0000000120d00000|100%| E|CS|TAMS 0x0000000120c00000| PB 0x0000000120c00000| Complete 
| 525|0x0000000120d00000, 0x0000000120e00000, 0x0000000120e00000|100%| E|CS|TAMS 0x0000000120d00000| PB 0x0000000120d00000| Complete 
| 526|0x0000000120e00000, 0x0000000120f00000, 0x0000000120f00000|100%| E|CS|TAMS 0x0000000120e00000| PB 0x0000000120e00000| Complete 
| 527|0x0000000120f00000, 0x0000000121000000, 0x0000000121000000|100%| E|CS|TAMS 0x0000000120f00000| PB 0x0000000120f00000| Complete 
| 528|0x0000000121000000, 0x0000000121100000, 0x0000000121100000|100%| E|CS|TAMS 0x0000000121000000| PB 0x0000000121000000| Complete 
| 529|0x0000000121100000, 0x0000000121200000, 0x0000000121200000|100%| E|CS|TAMS 0x0000000121100000| PB 0x0000000121100000| Complete 
| 530|0x0000000121200000, 0x0000000121300000, 0x0000000121300000|100%| E|CS|TAMS 0x0000000121200000| PB 0x0000000121200000| Complete 
| 531|0x0000000121300000, 0x0000000121400000, 0x0000000121400000|100%| E|CS|TAMS 0x0000000121300000| PB 0x0000000121300000| Complete 
| 532|0x0000000121400000, 0x0000000121500000, 0x0000000121500000|100%| E|CS|TAMS 0x0000000121400000| PB 0x0000000121400000| Complete 
| 533|0x0000000121500000, 0x0000000121600000, 0x0000000121600000|100%| E|CS|TAMS 0x0000000121500000| PB 0x0000000121500000| Complete 
| 534|0x0000000121600000, 0x0000000121700000, 0x0000000121700000|100%| E|CS|TAMS 0x0000000121600000| PB 0x0000000121600000| Complete 
| 535|0x0000000121700000, 0x0000000121800000, 0x0000000121800000|100%| E|CS|TAMS 0x0000000121700000| PB 0x0000000121700000| Complete 
| 536|0x0000000121800000, 0x0000000121900000, 0x0000000121900000|100%| E|CS|TAMS 0x0000000121800000| PB 0x0000000121800000| Complete 
| 537|0x0000000121900000, 0x0000000121a00000, 0x0000000121a00000|100%| E|CS|TAMS 0x0000000121900000| PB 0x0000000121900000| Complete 
| 538|0x0000000121a00000, 0x0000000121b00000, 0x0000000121b00000|100%| E|CS|TAMS 0x0000000121a00000| PB 0x0000000121a00000| Complete 
| 539|0x0000000121b00000, 0x0000000121c00000, 0x0000000121c00000|100%| E|CS|TAMS 0x0000000121b00000| PB 0x0000000121b00000| Complete 
| 540|0x0000000121c00000, 0x0000000121d00000, 0x0000000121d00000|100%| E|CS|TAMS 0x0000000121c00000| PB 0x0000000121c00000| Complete 
| 541|0x0000000121d00000, 0x0000000121e00000, 0x0000000121e00000|100%| E|CS|TAMS 0x0000000121d00000| PB 0x0000000121d00000| Complete 
| 542|0x0000000121e00000, 0x0000000121f00000, 0x0000000121f00000|100%| E|CS|TAMS 0x0000000121e00000| PB 0x0000000121e00000| Complete 
| 543|0x0000000121f00000, 0x0000000122000000, 0x0000000122000000|100%| E|CS|TAMS 0x0000000121f00000| PB 0x0000000121f00000| Complete 
| 544|0x0000000122000000, 0x0000000122100000, 0x0000000122100000|100%| E|CS|TAMS 0x0000000122000000| PB 0x0000000122000000| Complete 
| 545|0x0000000122100000, 0x0000000122200000, 0x0000000122200000|100%| E|CS|TAMS 0x0000000122100000| PB 0x0000000122100000| Complete 
| 546|0x0000000122200000, 0x0000000122300000, 0x0000000122300000|100%| E|CS|TAMS 0x0000000122200000| PB 0x0000000122200000| Complete 
| 547|0x0000000122300000, 0x0000000122400000, 0x0000000122400000|100%| E|CS|TAMS 0x0000000122300000| PB 0x0000000122300000| Complete 
| 548|0x0000000122400000, 0x0000000122500000, 0x0000000122500000|100%| E|CS|TAMS 0x0000000122400000| PB 0x0000000122400000| Complete 
| 549|0x0000000122500000, 0x0000000122600000, 0x0000000122600000|100%| E|CS|TAMS 0x0000000122500000| PB 0x0000000122500000| Complete 
| 550|0x0000000122600000, 0x0000000122700000, 0x0000000122700000|100%| E|CS|TAMS 0x0000000122600000| PB 0x0000000122600000| Complete 
| 551|0x0000000122700000, 0x0000000122800000, 0x0000000122800000|100%| E|CS|TAMS 0x0000000122700000| PB 0x0000000122700000| Complete 
| 552|0x0000000122800000, 0x0000000122900000, 0x0000000122900000|100%| E|CS|TAMS 0x0000000122800000| PB 0x0000000122800000| Complete 
| 553|0x0000000122900000, 0x0000000122a00000, 0x0000000122a00000|100%| E|CS|TAMS 0x0000000122900000| PB 0x0000000122900000| Complete 
| 554|0x0000000122a00000, 0x0000000122b00000, 0x0000000122b00000|100%| E|CS|TAMS 0x0000000122a00000| PB 0x0000000122a00000| Complete 
| 555|0x0000000122b00000, 0x0000000122c00000, 0x0000000122c00000|100%| E|CS|TAMS 0x0000000122b00000| PB 0x0000000122b00000| Complete 
| 556|0x0000000122c00000, 0x0000000122d00000, 0x0000000122d00000|100%| E|CS|TAMS 0x0000000122c00000| PB 0x0000000122c00000| Complete 
| 557|0x0000000122d00000, 0x0000000122e00000, 0x0000000122e00000|100%| E|CS|TAMS 0x0000000122d00000| PB 0x0000000122d00000| Complete 
| 558|0x0000000122e00000, 0x0000000122f00000, 0x0000000122f00000|100%| E|CS|TAMS 0x0000000122e00000| PB 0x0000000122e00000| Complete 
| 559|0x0000000122f00000, 0x0000000123000000, 0x0000000123000000|100%| E|CS|TAMS 0x0000000122f00000| PB 0x0000000122f00000| Complete 
| 560|0x0000000123000000, 0x0000000123100000, 0x0000000123100000|100%| E|CS|TAMS 0x0000000123000000| PB 0x0000000123000000| Complete 
| 561|0x0000000123100000, 0x0000000123200000, 0x0000000123200000|100%| E|CS|TAMS 0x0000000123100000| PB 0x0000000123100000| Complete 
| 562|0x0000000123200000, 0x0000000123300000, 0x0000000123300000|100%| E|CS|TAMS 0x0000000123200000| PB 0x0000000123200000| Complete 
| 563|0x0000000123300000, 0x0000000123400000, 0x0000000123400000|100%| E|CS|TAMS 0x0000000123300000| PB 0x0000000123300000| Complete 
| 564|0x0000000123400000, 0x0000000123500000, 0x0000000123500000|100%| E|CS|TAMS 0x0000000123400000| PB 0x0000000123400000| Complete 
| 565|0x0000000123500000, 0x0000000123600000, 0x0000000123600000|100%| E|CS|TAMS 0x0000000123500000| PB 0x0000000123500000| Complete 
| 566|0x0000000123600000, 0x0000000123700000, 0x0000000123700000|100%| E|CS|TAMS 0x0000000123600000| PB 0x0000000123600000| Complete 
| 567|0x0000000123700000, 0x0000000123800000, 0x0000000123800000|100%| E|CS|TAMS 0x0000000123700000| PB 0x0000000123700000| Complete 
| 568|0x0000000123800000, 0x0000000123900000, 0x0000000123900000|100%| E|CS|TAMS 0x0000000123800000| PB 0x0000000123800000| Complete 
| 569|0x0000000123900000, 0x0000000123a00000, 0x0000000123a00000|100%| E|CS|TAMS 0x0000000123900000| PB 0x0000000123900000| Complete 
| 570|0x0000000123a00000, 0x0000000123b00000, 0x0000000123b00000|100%| E|CS|TAMS 0x0000000123a00000| PB 0x0000000123a00000| Complete 
| 571|0x0000000123b00000, 0x0000000123c00000, 0x0000000123c00000|100%| E|CS|TAMS 0x0000000123b00000| PB 0x0000000123b00000| Complete 
| 572|0x0000000123c00000, 0x0000000123d00000, 0x0000000123d00000|100%| E|CS|TAMS 0x0000000123c00000| PB 0x0000000123c00000| Complete 
| 573|0x0000000123d00000, 0x0000000123e00000, 0x0000000123e00000|100%| E|CS|TAMS 0x0000000123d00000| PB 0x0000000123d00000| Complete 
| 574|0x0000000123e00000, 0x0000000123f00000, 0x0000000123f00000|100%| E|CS|TAMS 0x0000000123e00000| PB 0x0000000123e00000| Complete 
| 575|0x0000000123f00000, 0x0000000124000000, 0x0000000124000000|100%| E|CS|TAMS 0x0000000123f00000| PB 0x0000000123f00000| Complete 
| 576|0x0000000124000000, 0x0000000124100000, 0x0000000124100000|100%| E|CS|TAMS 0x0000000124000000| PB 0x0000000124000000| Complete 
| 577|0x0000000124100000, 0x0000000124200000, 0x0000000124200000|100%| E|CS|TAMS 0x0000000124100000| PB 0x0000000124100000| Complete 
| 578|0x0000000124200000, 0x0000000124300000, 0x0000000124300000|100%| E|CS|TAMS 0x0000000124200000| PB 0x0000000124200000| Complete 
| 579|0x0000000124300000, 0x0000000124400000, 0x0000000124400000|100%| E|CS|TAMS 0x0000000124300000| PB 0x0000000124300000| Complete 
| 580|0x0000000124400000, 0x0000000124500000, 0x0000000124500000|100%| E|CS|TAMS 0x0000000124400000| PB 0x0000000124400000| Complete 
| 581|0x0000000124500000, 0x0000000124600000, 0x0000000124600000|100%| E|CS|TAMS 0x0000000124500000| PB 0x0000000124500000| Complete 
| 582|0x0000000124600000, 0x0000000124700000, 0x0000000124700000|100%| E|CS|TAMS 0x0000000124600000| PB 0x0000000124600000| Complete 
| 583|0x0000000124700000, 0x0000000124800000, 0x0000000124800000|100%| E|CS|TAMS 0x0000000124700000| PB 0x0000000124700000| Complete 
| 584|0x0000000124800000, 0x0000000124900000, 0x0000000124900000|100%| E|CS|TAMS 0x0000000124800000| PB 0x0000000124800000| Complete 
| 585|0x0000000124900000, 0x0000000124a00000, 0x0000000124a00000|100%| E|CS|TAMS 0x0000000124900000| PB 0x0000000124900000| Complete 
| 586|0x0000000124a00000, 0x0000000124b00000, 0x0000000124b00000|100%| E|CS|TAMS 0x0000000124a00000| PB 0x0000000124a00000| Complete 
| 587|0x0000000124b00000, 0x0000000124c00000, 0x0000000124c00000|100%| E|CS|TAMS 0x0000000124b00000| PB 0x0000000124b00000| Complete 
| 588|0x0000000124c00000, 0x0000000124d00000, 0x0000000124d00000|100%| E|CS|TAMS 0x0000000124c00000| PB 0x0000000124c00000| Complete 
| 589|0x0000000124d00000, 0x0000000124e00000, 0x0000000124e00000|100%| E|CS|TAMS 0x0000000124d00000| PB 0x0000000124d00000| Complete 
| 590|0x0000000124e00000, 0x0000000124f00000, 0x0000000124f00000|100%| E|CS|TAMS 0x0000000124e00000| PB 0x0000000124e00000| Complete 
| 591|0x0000000124f00000, 0x0000000125000000, 0x0000000125000000|100%| E|CS|TAMS 0x0000000124f00000| PB 0x0000000124f00000| Complete 
| 592|0x0000000125000000, 0x0000000125100000, 0x0000000125100000|100%| E|CS|TAMS 0x0000000125000000| PB 0x0000000125000000| Complete 
| 593|0x0000000125100000, 0x0000000125200000, 0x0000000125200000|100%| E|CS|TAMS 0x0000000125100000| PB 0x0000000125100000| Complete 
| 594|0x0000000125200000, 0x0000000125300000, 0x0000000125300000|100%| E|CS|TAMS 0x0000000125200000| PB 0x0000000125200000| Complete 
| 595|0x0000000125300000, 0x0000000125400000, 0x0000000125400000|100%| E|CS|TAMS 0x0000000125300000| PB 0x0000000125300000| Complete 
| 596|0x0000000125400000, 0x0000000125500000, 0x0000000125500000|100%| E|CS|TAMS 0x0000000125400000| PB 0x0000000125400000| Complete 
| 597|0x0000000125500000, 0x0000000125600000, 0x0000000125600000|100%| E|CS|TAMS 0x0000000125500000| PB 0x0000000125500000| Complete 
| 598|0x0000000125600000, 0x0000000125700000, 0x0000000125700000|100%| E|CS|TAMS 0x0000000125600000| PB 0x0000000125600000| Complete 
| 599|0x0000000125700000, 0x0000000125800000, 0x0000000125800000|100%| S|  |TAMS 0x0000000125700000| PB 0x0000000125700000| Complete 
| 600|0x0000000125800000, 0x0000000125900000, 0x0000000125900000|100%| S|  |TAMS 0x0000000125800000| PB 0x0000000125800000| Complete 
| 601|0x0000000125900000, 0x0000000125a00000, 0x0000000125a00000|100%| S|  |TAMS 0x0000000125900000| PB 0x0000000125900000| Complete 
| 602|0x0000000125a00000, 0x0000000125b00000, 0x0000000125b00000|100%| S|  |TAMS 0x0000000125a00000| PB 0x0000000125a00000| Complete 
| 603|0x0000000125b00000, 0x0000000125c00000, 0x0000000125c00000|100%| S|  |TAMS 0x0000000125b00000| PB 0x0000000125b00000| Complete 
| 604|0x0000000125c00000, 0x0000000125d00000, 0x0000000125d00000|100%| S|  |TAMS 0x0000000125c00000| PB 0x0000000125c00000| Complete 
| 605|0x0000000125d00000, 0x0000000125e00000, 0x0000000125e00000|100%| S|  |TAMS 0x0000000125d00000| PB 0x0000000125d00000| Complete 
| 606|0x0000000125e00000, 0x0000000125f00000, 0x0000000125f00000|100%| S|  |TAMS 0x0000000125e00000| PB 0x0000000125e00000| Complete 
| 607|0x0000000125f00000, 0x0000000126000000, 0x0000000126000000|100%| S|  |TAMS 0x0000000125f00000| PB 0x0000000125f00000| Complete 
| 608|0x0000000126000000, 0x0000000126100000, 0x0000000126100000|100%| S|  |TAMS 0x0000000126000000| PB 0x0000000126000000| Complete 
| 609|0x0000000126100000, 0x0000000126200000, 0x0000000126200000|100%| S|  |TAMS 0x0000000126100000| PB 0x0000000126100000| Complete 
| 610|0x0000000126200000, 0x0000000126300000, 0x0000000126300000|100%| S|  |TAMS 0x0000000126200000| PB 0x0000000126200000| Complete 
| 611|0x0000000126300000, 0x0000000126400000, 0x0000000126400000|100%| S|  |TAMS 0x0000000126300000| PB 0x0000000126300000| Complete 
| 612|0x0000000126400000, 0x0000000126500000, 0x0000000126500000|100%| S|  |TAMS 0x0000000126400000| PB 0x0000000126400000| Complete 
| 613|0x0000000126500000, 0x0000000126600000, 0x0000000126600000|100%| S|  |TAMS 0x0000000126500000| PB 0x0000000126500000| Complete 
| 614|0x0000000126600000, 0x0000000126700000, 0x0000000126700000|100%| S|  |TAMS 0x0000000126600000| PB 0x0000000126600000| Complete 
| 615|0x0000000126700000, 0x0000000126800000, 0x0000000126800000|100%| S|  |TAMS 0x0000000126700000| PB 0x0000000126700000| Complete 
| 616|0x0000000126800000, 0x0000000126900000, 0x0000000126900000|100%| S|  |TAMS 0x0000000126800000| PB 0x0000000126800000| Complete 
| 617|0x0000000126900000, 0x0000000126a00000, 0x0000000126a00000|100%| S|  |TAMS 0x0000000126900000| PB 0x0000000126900000| Complete 
| 618|0x0000000126a00000, 0x0000000126b00000, 0x0000000126b00000|100%| S|  |TAMS 0x0000000126a00000| PB 0x0000000126a00000| Complete 
| 619|0x0000000126b00000, 0x0000000126c00000, 0x0000000126c00000|100%| S|  |TAMS 0x0000000126b00000| PB 0x0000000126b00000| Complete 
| 620|0x0000000126c00000, 0x0000000126d00000, 0x0000000126d00000|100%| S|  |TAMS 0x0000000126c00000| PB 0x0000000126c00000| Complete 
| 880|0x0000000137000000, 0x0000000137081000, 0x0000000137100000| 50%| O|  |TAMS 0x0000000137000000| PB 0x0000000137000000| Untracked 
| 881|0x0000000137100000, 0x0000000137200000, 0x0000000137200000|100%| O|  |TAMS 0x0000000137100000| PB 0x0000000137100000| Untracked 
| 882|0x0000000137200000, 0x0000000137300000, 0x0000000137300000|100%| O|  |TAMS 0x0000000137200000| PB 0x0000000137200000| Untracked 
| 883|0x0000000137300000, 0x0000000137400000, 0x0000000137400000|100%| O|  |TAMS 0x0000000137300000| PB 0x0000000137300000| Untracked 
| 884|0x0000000137400000, 0x0000000137500000, 0x0000000137500000|100%| O|  |TAMS 0x0000000137400000| PB 0x0000000137400000| Untracked 
| 885|0x0000000137500000, 0x0000000137600000, 0x0000000137600000|100%| O|  |TAMS 0x0000000137500000| PB 0x0000000137500000| Untracked 
| 886|0x0000000137600000, 0x0000000137700000, 0x0000000137700000|100%| O|  |TAMS 0x0000000137600000| PB 0x0000000137600000| Untracked 
| 887|0x0000000137700000, 0x0000000137800000, 0x0000000137800000|100%| O|  |TAMS 0x0000000137700000| PB 0x0000000137700000| Untracked 
| 888|0x0000000137800000, 0x0000000137900000, 0x0000000137900000|100%| O|  |TAMS 0x0000000137800000| PB 0x0000000137800000| Untracked 
| 889|0x0000000137900000, 0x0000000137a00000, 0x0000000137a00000|100%| O|  |TAMS 0x0000000137900000| PB 0x0000000137900000| Untracked 
| 890|0x0000000137a00000, 0x0000000137b00000, 0x0000000137b00000|100%| O|  |TAMS 0x0000000137a00000| PB 0x0000000137a00000| Untracked 
| 891|0x0000000137b00000, 0x0000000137c00000, 0x0000000137c00000|100%| O|  |TAMS 0x0000000137b00000| PB 0x0000000137b00000| Untracked 
| 892|0x0000000137c00000, 0x0000000137d00000, 0x0000000137d00000|100%| O|  |TAMS 0x0000000137c00000| PB 0x0000000137c00000| Untracked 
| 893|0x0000000137d00000, 0x0000000137e00000, 0x0000000137e00000|100%| O|  |TAMS 0x0000000137d00000| PB 0x0000000137d00000| Untracked 
| 894|0x0000000137e00000, 0x0000000137f00000, 0x0000000137f00000|100%| O|  |TAMS 0x0000000137e00000| PB 0x0000000137e00000| Untracked 
| 895|0x0000000137f00000, 0x0000000138000000, 0x0000000138000000|100%| O|  |TAMS 0x0000000137f00000| PB 0x0000000137f00000| Untracked 
| 896|0x0000000138000000, 0x0000000138100000, 0x0000000138100000|100%| O|  |TAMS 0x0000000138000000| PB 0x0000000138000000| Untracked 
| 897|0x0000000138100000, 0x0000000138200000, 0x0000000138200000|100%| O|  |TAMS 0x0000000138100000| PB 0x0000000138100000| Untracked 
| 898|0x0000000138200000, 0x0000000138300000, 0x0000000138300000|100%| O|  |TAMS 0x0000000138200000| PB 0x0000000138200000| Untracked 
| 899|0x0000000138300000, 0x0000000138400000, 0x0000000138400000|100%| O|  |TAMS 0x0000000138300000| PB 0x0000000138300000| Untracked 
| 900|0x0000000138400000, 0x0000000138500000, 0x0000000138500000|100%| E|CS|TAMS 0x0000000138400000| PB 0x0000000138400000| Complete 
| 901|0x0000000138500000, 0x0000000138600000, 0x0000000138600000|100%| E|CS|TAMS 0x0000000138500000| PB 0x0000000138500000| Complete 
| 902|0x0000000138600000, 0x0000000138700000, 0x0000000138700000|100%| E|CS|TAMS 0x0000000138600000| PB 0x0000000138600000| Complete 
| 903|0x0000000138700000, 0x0000000138800000, 0x0000000138800000|100%| E|CS|TAMS 0x0000000138700000| PB 0x0000000138700000| Complete 
| 904|0x0000000138800000, 0x0000000138900000, 0x0000000138900000|100%| E|CS|TAMS 0x0000000138800000| PB 0x0000000138800000| Complete 
| 905|0x0000000138900000, 0x0000000138a00000, 0x0000000138a00000|100%| O|  |TAMS 0x0000000138900000| PB 0x0000000138900000| Untracked 
| 906|0x0000000138a00000, 0x0000000138b00000, 0x0000000138b00000|100%| E|CS|TAMS 0x0000000138a00000| PB 0x0000000138a00000| Complete 
| 907|0x0000000138b00000, 0x0000000138c00000, 0x0000000138c00000|100%| E|CS|TAMS 0x0000000138b00000| PB 0x0000000138b00000| Complete 
| 908|0x0000000138c00000, 0x0000000138d00000, 0x0000000138d00000|100%| E|CS|TAMS 0x0000000138c00000| PB 0x0000000138c00000| Complete 
| 909|0x0000000138d00000, 0x0000000138e00000, 0x0000000138e00000|100%| E|CS|TAMS 0x0000000138d00000| PB 0x0000000138d00000| Complete 
| 910|0x0000000138e00000, 0x0000000138f00000, 0x0000000138f00000|100%| E|CS|TAMS 0x0000000138e00000| PB 0x0000000138e00000| Complete 
| 911|0x0000000138f00000, 0x0000000139000000, 0x0000000139000000|100%| E|CS|TAMS 0x0000000138f00000| PB 0x0000000138f00000| Complete 
| 912|0x0000000139000000, 0x0000000139100000, 0x0000000139100000|100%| E|CS|TAMS 0x0000000139000000| PB 0x0000000139000000| Complete 
| 913|0x0000000139100000, 0x0000000139200000, 0x0000000139200000|100%| E|CS|TAMS 0x0000000139100000| PB 0x0000000139100000| Complete 
| 914|0x0000000139200000, 0x0000000139300000, 0x0000000139300000|100%| E|CS|TAMS 0x0000000139200000| PB 0x0000000139200000| Complete 
| 915|0x0000000139300000, 0x0000000139400000, 0x0000000139400000|100%| E|CS|TAMS 0x0000000139300000| PB 0x0000000139300000| Complete 
| 916|0x0000000139400000, 0x0000000139500000, 0x0000000139500000|100%| E|CS|TAMS 0x0000000139400000| PB 0x0000000139400000| Complete 
| 917|0x0000000139500000, 0x0000000139600000, 0x0000000139600000|100%| E|CS|TAMS 0x0000000139500000| PB 0x0000000139500000| Complete 
| 918|0x0000000139600000, 0x0000000139700000, 0x0000000139700000|100%| E|CS|TAMS 0x0000000139600000| PB 0x0000000139600000| Complete 
| 919|0x0000000139700000, 0x0000000139800000, 0x0000000139800000|100%| E|CS|TAMS 0x0000000139700000| PB 0x0000000139700000| Complete 
| 920|0x0000000139800000, 0x0000000139900000, 0x0000000139900000|100%| E|CS|TAMS 0x0000000139800000| PB 0x0000000139800000| Complete 
| 921|0x0000000139900000, 0x0000000139a00000, 0x0000000139a00000|100%| E|CS|TAMS 0x0000000139900000| PB 0x0000000139900000| Complete 
| 922|0x0000000139a00000, 0x0000000139b00000, 0x0000000139b00000|100%| E|CS|TAMS 0x0000000139a00000| PB 0x0000000139a00000| Complete 
| 923|0x0000000139b00000, 0x0000000139c00000, 0x0000000139c00000|100%| E|CS|TAMS 0x0000000139b00000| PB 0x0000000139b00000| Complete 
| 924|0x0000000139c00000, 0x0000000139d00000, 0x0000000139d00000|100%| E|CS|TAMS 0x0000000139c00000| PB 0x0000000139c00000| Complete 
| 925|0x0000000139d00000, 0x0000000139e00000, 0x0000000139e00000|100%| E|CS|TAMS 0x0000000139d00000| PB 0x0000000139d00000| Complete 
| 926|0x0000000139e00000, 0x0000000139f00000, 0x0000000139f00000|100%| O|  |TAMS 0x0000000139e00000| PB 0x0000000139e00000| Untracked 
| 927|0x0000000139f00000, 0x000000013a000000, 0x000000013a000000|100%| O|  |TAMS 0x0000000139f00000| PB 0x0000000139f00000| Untracked 
| 928|0x000000013a000000, 0x000000013a100000, 0x000000013a100000|100%| O|  |TAMS 0x000000013a000000| PB 0x000000013a000000| Untracked 
| 929|0x000000013a100000, 0x000000013a200000, 0x000000013a200000|100%| O|  |TAMS 0x000000013a100000| PB 0x000000013a100000| Untracked 
| 930|0x000000013a200000, 0x000000013a300000, 0x000000013a300000|100%| E|CS|TAMS 0x000000013a200000| PB 0x000000013a200000| Complete 
| 931|0x000000013a300000, 0x000000013a400000, 0x000000013a400000|100%| E|CS|TAMS 0x000000013a300000| PB 0x000000013a300000| Complete 
| 932|0x000000013a400000, 0x000000013a500000, 0x000000013a500000|100%| E|CS|TAMS 0x000000013a400000| PB 0x000000013a400000| Complete 
| 933|0x000000013a500000, 0x000000013a600000, 0x000000013a600000|100%| E|CS|TAMS 0x000000013a500000| PB 0x000000013a500000| Complete 
| 934|0x000000013a600000, 0x000000013a700000, 0x000000013a700000|100%| E|CS|TAMS 0x000000013a600000| PB 0x000000013a600000| Complete 
| 935|0x000000013a700000, 0x000000013a800000, 0x000000013a800000|100%| E|CS|TAMS 0x000000013a700000| PB 0x000000013a700000| Complete 
| 936|0x000000013a800000, 0x000000013a900000, 0x000000013a900000|100%| E|CS|TAMS 0x000000013a800000| PB 0x000000013a800000| Complete 
| 937|0x000000013a900000, 0x000000013aa00000, 0x000000013aa00000|100%| E|CS|TAMS 0x000000013a900000| PB 0x000000013a900000| Complete 
| 938|0x000000013aa00000, 0x000000013ab00000, 0x000000013ab00000|100%| E|CS|TAMS 0x000000013aa00000| PB 0x000000013aa00000| Complete 
| 939|0x000000013ab00000, 0x000000013ac00000, 0x000000013ac00000|100%| E|CS|TAMS 0x000000013ab00000| PB 0x000000013ab00000| Complete 
| 940|0x000000013ac00000, 0x000000013ad00000, 0x000000013ad00000|100%| E|CS|TAMS 0x000000013ac00000| PB 0x000000013ac00000| Complete 
| 941|0x000000013ad00000, 0x000000013ae00000, 0x000000013ae00000|100%| E|CS|TAMS 0x000000013ad00000| PB 0x000000013ad00000| Complete 
| 942|0x000000013ae00000, 0x000000013af00000, 0x000000013af00000|100%| E|CS|TAMS 0x000000013ae00000| PB 0x000000013ae00000| Complete 
| 943|0x000000013af00000, 0x000000013b000000, 0x000000013b000000|100%| E|CS|TAMS 0x000000013af00000| PB 0x000000013af00000| Complete 
| 944|0x000000013b000000, 0x000000013b100000, 0x000000013b100000|100%| E|CS|TAMS 0x000000013b000000| PB 0x000000013b000000| Complete 
| 945|0x000000013b100000, 0x000000013b200000, 0x000000013b200000|100%| E|CS|TAMS 0x000000013b100000| PB 0x000000013b100000| Complete 
| 946|0x000000013b200000, 0x000000013b300000, 0x000000013b300000|100%| E|CS|TAMS 0x000000013b200000| PB 0x000000013b200000| Complete 
| 947|0x000000013b300000, 0x000000013b400000, 0x000000013b400000|100%| E|CS|TAMS 0x000000013b300000| PB 0x000000013b300000| Complete 
| 948|0x000000013b400000, 0x000000013b500000, 0x000000013b500000|100%| E|CS|TAMS 0x000000013b400000| PB 0x000000013b400000| Complete 
| 949|0x000000013b500000, 0x000000013b600000, 0x000000013b600000|100%| E|CS|TAMS 0x000000013b500000| PB 0x000000013b500000| Complete 
| 950|0x000000013b600000, 0x000000013b700000, 0x000000013b700000|100%| E|CS|TAMS 0x000000013b600000| PB 0x000000013b600000| Complete 
| 951|0x000000013b700000, 0x000000013b800000, 0x000000013b800000|100%| E|CS|TAMS 0x000000013b700000| PB 0x000000013b700000| Complete 
| 952|0x000000013b800000, 0x000000013b900000, 0x000000013b900000|100%| E|CS|TAMS 0x000000013b800000| PB 0x000000013b800000| Complete 
| 953|0x000000013b900000, 0x000000013ba00000, 0x000000013ba00000|100%| E|CS|TAMS 0x000000013b900000| PB 0x000000013b900000| Complete 
| 954|0x000000013ba00000, 0x000000013bb00000, 0x000000013bb00000|100%| E|CS|TAMS 0x000000013ba00000| PB 0x000000013ba00000| Complete 
| 955|0x000000013bb00000, 0x000000013bc00000, 0x000000013bc00000|100%| E|CS|TAMS 0x000000013bb00000| PB 0x000000013bb00000| Complete 
| 956|0x000000013bc00000, 0x000000013bd00000, 0x000000013bd00000|100%| E|CS|TAMS 0x000000013bc00000| PB 0x000000013bc00000| Complete 
| 957|0x000000013bd00000, 0x000000013be00000, 0x000000013be00000|100%| E|CS|TAMS 0x000000013bd00000| PB 0x000000013bd00000| Complete 
| 958|0x000000013be00000, 0x000000013bf00000, 0x000000013bf00000|100%| E|CS|TAMS 0x000000013be00000| PB 0x000000013be00000| Complete 
| 959|0x000000013bf00000, 0x000000013c000000, 0x000000013c000000|100%| E|CS|TAMS 0x000000013bf00000| PB 0x000000013bf00000| Complete 
| 960|0x000000013c000000, 0x000000013c100000, 0x000000013c100000|100%| E|CS|TAMS 0x000000013c000000| PB 0x000000013c000000| Complete 
| 961|0x000000013c100000, 0x000000013c200000, 0x000000013c200000|100%| E|CS|TAMS 0x000000013c100000| PB 0x000000013c100000| Complete 
| 962|0x000000013c200000, 0x000000013c300000, 0x000000013c300000|100%| E|CS|TAMS 0x000000013c200000| PB 0x000000013c200000| Complete 
| 963|0x000000013c300000, 0x000000013c400000, 0x000000013c400000|100%| E|CS|TAMS 0x000000013c300000| PB 0x000000013c300000| Complete 
| 964|0x000000013c400000, 0x000000013c500000, 0x000000013c500000|100%| E|CS|TAMS 0x000000013c400000| PB 0x000000013c400000| Complete 
| 965|0x000000013c500000, 0x000000013c600000, 0x000000013c600000|100%| E|CS|TAMS 0x000000013c500000| PB 0x000000013c500000| Complete 
| 966|0x000000013c600000, 0x000000013c700000, 0x000000013c700000|100%| E|CS|TAMS 0x000000013c600000| PB 0x000000013c600000| Complete 
| 967|0x000000013c700000, 0x000000013c800000, 0x000000013c800000|100%| E|CS|TAMS 0x000000013c700000| PB 0x000000013c700000| Complete 
| 968|0x000000013c800000, 0x000000013c900000, 0x000000013c900000|100%| E|CS|TAMS 0x000000013c800000| PB 0x000000013c800000| Complete 
| 969|0x000000013c900000, 0x000000013ca00000, 0x000000013ca00000|100%| E|CS|TAMS 0x000000013c900000| PB 0x000000013c900000| Complete 
| 970|0x000000013ca00000, 0x000000013cb00000, 0x000000013cb00000|100%| E|CS|TAMS 0x000000013ca00000| PB 0x000000013ca00000| Complete 
| 971|0x000000013cb00000, 0x000000013cc00000, 0x000000013cc00000|100%| E|CS|TAMS 0x000000013cb00000| PB 0x000000013cb00000| Complete 
| 972|0x000000013cc00000, 0x000000013cd00000, 0x000000013cd00000|100%| E|CS|TAMS 0x000000013cc00000| PB 0x000000013cc00000| Complete 
| 973|0x000000013cd00000, 0x000000013ce00000, 0x000000013ce00000|100%| E|CS|TAMS 0x000000013cd00000| PB 0x000000013cd00000| Complete 
| 974|0x000000013ce00000, 0x000000013cf00000, 0x000000013cf00000|100%| E|CS|TAMS 0x000000013ce00000| PB 0x000000013ce00000| Complete 
| 975|0x000000013cf00000, 0x000000013d000000, 0x000000013d000000|100%| E|CS|TAMS 0x000000013cf00000| PB 0x000000013cf00000| Complete 
| 976|0x000000013d000000, 0x000000013d100000, 0x000000013d100000|100%| E|CS|TAMS 0x000000013d000000| PB 0x000000013d000000| Complete 
| 977|0x000000013d100000, 0x000000013d200000, 0x000000013d200000|100%| E|CS|TAMS 0x000000013d100000| PB 0x000000013d100000| Complete 
| 978|0x000000013d200000, 0x000000013d300000, 0x000000013d300000|100%| E|CS|TAMS 0x000000013d200000| PB 0x000000013d200000| Complete 
| 979|0x000000013d300000, 0x000000013d400000, 0x000000013d400000|100%| E|CS|TAMS 0x000000013d300000| PB 0x000000013d300000| Complete 
| 980|0x000000013d400000, 0x000000013d500000, 0x000000013d500000|100%| E|CS|TAMS 0x000000013d400000| PB 0x000000013d400000| Complete 
| 981|0x000000013d500000, 0x000000013d600000, 0x000000013d600000|100%| E|CS|TAMS 0x000000013d500000| PB 0x000000013d500000| Complete 
| 982|0x000000013d600000, 0x000000013d700000, 0x000000013d700000|100%| E|CS|TAMS 0x000000013d600000| PB 0x000000013d600000| Complete 
| 983|0x000000013d700000, 0x000000013d800000, 0x000000013d800000|100%| E|CS|TAMS 0x000000013d700000| PB 0x000000013d700000| Complete 
| 984|0x000000013d800000, 0x000000013d900000, 0x000000013d900000|100%| E|CS|TAMS 0x000000013d800000| PB 0x000000013d800000| Complete 
| 985|0x000000013d900000, 0x000000013da00000, 0x000000013da00000|100%| O|CS|TAMS 0x000000013d900000| PB 0x000000013d900000| Complete 
| 986|0x000000013da00000, 0x000000013db00000, 0x000000013db00000|100%| E|CS|TAMS 0x000000013da00000| PB 0x000000013da00000| Complete 
| 987|0x000000013db00000, 0x000000013dc00000, 0x000000013dc00000|100%| E|CS|TAMS 0x000000013db00000| PB 0x000000013db00000| Complete 
| 988|0x000000013dc00000, 0x000000013dd00000, 0x000000013dd00000|100%| E|CS|TAMS 0x000000013dc00000| PB 0x000000013dc00000| Complete 
| 989|0x000000013dd00000, 0x000000013de00000, 0x000000013de00000|100%| E|CS|TAMS 0x000000013dd00000| PB 0x000000013dd00000| Complete 
| 990|0x000000013de00000, 0x000000013df00000, 0x000000013df00000|100%| E|CS|TAMS 0x000000013de00000| PB 0x000000013de00000| Complete 
| 991|0x000000013df00000, 0x000000013e000000, 0x000000013e000000|100%| E|CS|TAMS 0x000000013df00000| PB 0x000000013df00000| Complete 
| 992|0x000000013e000000, 0x000000013e100000, 0x000000013e100000|100%| E|CS|TAMS 0x000000013e000000| PB 0x000000013e000000| Complete 
| 993|0x000000013e100000, 0x000000013e200000, 0x000000013e200000|100%| E|CS|TAMS 0x000000013e100000| PB 0x000000013e100000| Complete 
| 994|0x000000013e200000, 0x000000013e300000, 0x000000013e300000|100%| E|CS|TAMS 0x000000013e200000| PB 0x000000013e200000| Complete 
| 995|0x000000013e300000, 0x000000013e400000, 0x000000013e400000|100%| E|CS|TAMS 0x000000013e300000| PB 0x000000013e300000| Complete 
| 996|0x000000013e400000, 0x000000013e500000, 0x000000013e500000|100%| E|CS|TAMS 0x000000013e400000| PB 0x000000013e400000| Complete 
| 997|0x000000013e500000, 0x000000013e600000, 0x000000013e600000|100%| E|CS|TAMS 0x000000013e500000| PB 0x000000013e500000| Complete 
| 998|0x000000013e600000, 0x000000013e700000, 0x000000013e700000|100%| E|CS|TAMS 0x000000013e600000| PB 0x000000013e600000| Complete 
| 999|0x000000013e700000, 0x000000013e800000, 0x000000013e800000|100%| E|CS|TAMS 0x000000013e700000| PB 0x000000013e700000| Complete 
|1000|0x000000013e800000, 0x000000013e900000, 0x000000013e900000|100%| O|  |TAMS 0x000000013e800000| PB 0x000000013e800000| Untracked 
|1001|0x000000013e900000, 0x000000013ea00000, 0x000000013ea00000|100%| E|CS|TAMS 0x000000013e900000| PB 0x000000013e900000| Complete 
|1002|0x000000013ea00000, 0x000000013eb00000, 0x000000013eb00000|100%| O|CS|TAMS 0x000000013ea00000| PB 0x000000013ea00000| Complete 
|1003|0x000000013eb00000, 0x000000013ec00000, 0x000000013ec00000|100%| E|CS|TAMS 0x000000013eb00000| PB 0x000000013eb00000| Complete 
|1004|0x000000013ec00000, 0x000000013ed00000, 0x000000013ed00000|100%| E|CS|TAMS 0x000000013ec00000| PB 0x000000013ec00000| Complete 
|1005|0x000000013ed00000, 0x000000013ee00000, 0x000000013ee00000|100%| E|CS|TAMS 0x000000013ed00000| PB 0x000000013ed00000| Complete 
|1006|0x000000013ee00000, 0x000000013ef00000, 0x000000013ef00000|100%| E|CS|TAMS 0x000000013ee00000| PB 0x000000013ee00000| Complete 
|1007|0x000000013ef00000, 0x000000013f000000, 0x000000013f000000|100%| E|CS|TAMS 0x000000013ef00000| PB 0x000000013ef00000| Complete 
|1008|0x000000013f000000, 0x000000013f100000, 0x000000013f100000|100%| E|CS|TAMS 0x000000013f000000| PB 0x000000013f000000| Complete 
|1009|0x000000013f100000, 0x000000013f200000, 0x000000013f200000|100%| E|CS|TAMS 0x000000013f100000| PB 0x000000013f100000| Complete 
|1010|0x000000013f200000, 0x000000013f300000, 0x000000013f300000|100%| E|CS|TAMS 0x000000013f200000| PB 0x000000013f200000| Complete 
|1011|0x000000013f300000, 0x000000013f400000, 0x000000013f400000|100%| E|CS|TAMS 0x000000013f300000| PB 0x000000013f300000| Complete 
|1012|0x000000013f400000, 0x000000013f500000, 0x000000013f500000|100%| E|CS|TAMS 0x000000013f400000| PB 0x000000013f400000| Complete 
|1013|0x000000013f500000, 0x000000013f600000, 0x000000013f600000|100%| E|CS|TAMS 0x000000013f500000| PB 0x000000013f500000| Complete 
|1014|0x000000013f600000, 0x000000013f700000, 0x000000013f700000|100%| E|CS|TAMS 0x000000013f600000| PB 0x000000013f600000| Complete 
|1015|0x000000013f700000, 0x000000013f800000, 0x000000013f800000|100%| E|CS|TAMS 0x000000013f700000| PB 0x000000013f700000| Complete 
|1016|0x000000013f800000, 0x000000013f900000, 0x000000013f900000|100%| E|CS|TAMS 0x000000013f800000| PB 0x000000013f800000| Complete 
|1017|0x000000013f900000, 0x000000013fa00000, 0x000000013fa00000|100%| E|CS|TAMS 0x000000013f900000| PB 0x000000013f900000| Complete 
|1018|0x000000013fa00000, 0x000000013fb00000, 0x000000013fb00000|100%| E|CS|TAMS 0x000000013fa00000| PB 0x000000013fa00000| Complete 
|1019|0x000000013fb00000, 0x000000013fc00000, 0x000000013fc00000|100%| E|CS|TAMS 0x000000013fb00000| PB 0x000000013fb00000| Complete 
|1020|0x000000013fc00000, 0x000000013fd00000, 0x000000013fd00000|100%| E|CS|TAMS 0x000000013fc00000| PB 0x000000013fc00000| Complete 
|1021|0x000000013fd00000, 0x000000013fe00000, 0x000000013fe00000|100%| O|  |TAMS 0x000000013fd00000| PB 0x000000013fd00000| Untracked 
|1022|0x000000013fe00000, 0x000000013ff00000, 0x000000013ff00000|100%| O|  |TAMS 0x000000013fe00000| PB 0x000000013fe00000| Untracked 
|1023|0x000000013ff00000, 0x0000000140000000, 0x0000000140000000|100%| O|  |TAMS 0x000000013ff00000| PB 0x000000013ff00000| Untracked 

Card table byte_map: [0x000001bac9ef0000,0x000001baca0f0000] _byte_map_base: 0x000001bac96f0000

Marking Bits: (CMBitMap*) 0x000001bab130ae80
 Bits: [0x000001baca0f0000, 0x000001bacb0f0000)

Polling page: 0x000001baaf5c0000

Metaspace:

Usage:
  Non-class:    132.41 MB used.
      Class:     20.22 MB used.
       Both:    152.63 MB used.

Virtual space:
  Non-class space:      192.00 MB reserved,     133.88 MB ( 70%) committed,  3 nodes.
      Class space:        1.00 GB reserved,      21.88 MB (  2%) committed,  1 nodes.
             Both:        1.19 GB reserved,     155.75 MB ( 13%) committed. 

Chunk freelists:
   Non-Class:  10.08 MB
       Class:  10.01 MB
        Both:  20.09 MB

MaxMetaspaceSize: unlimited
CompressedClassSpaceSize: 1.00 GB
Initial GC threshold: 21.00 MB
Current GC threshold: 255.56 MB
CDS: on
 - commit_granule_bytes: 65536.
 - commit_granule_words: 8192.
 - virtual_space_node_default_size: 8388608.
 - enlarge_chunks_in_place: 1.
 - use_allocation_guard: 0.


Internal statistics:

num_allocs_failed_limit: 9.
num_arena_births: 6398.
num_arena_deaths: 14.
num_vsnodes_births: 4.
num_vsnodes_deaths: 0.
num_space_committed: 2490.
num_space_uncommitted: 0.
num_chunks_returned_to_freelist: 26.
num_chunks_taken_from_freelist: 14228.
num_chunk_merges: 11.
num_chunk_splits: 9021.
num_chunks_enlarged: 5351.
num_inconsistent_stats: 0.

CodeHeap 'non-profiled nmethods': size=128192Kb used=23998Kb max_used=23998Kb free=104194Kb
 bounds [0x000001bac1c90000, 0x000001bac3400000, 0x000001bac99c0000]
CodeHeap 'profiled nmethods': size=128192Kb used=19337Kb max_used=36313Kb free=108855Kb
 bounds [0x000001bab99c0000, 0x000001babbd40000, 0x000001bac16f0000]
CodeHeap 'non-nmethods': size=5760Kb used=2348Kb max_used=2488Kb free=3411Kb
 bounds [0x000001bac16f0000, 0x000001bac1980000, 0x000001bac1c90000]
 total_blobs=14657 nmethods=13640 adapters=917
 compilation: enabled
              stopped_count=0, restarted_count=0
 full_count=0

Compilation events (20 events):
Event: 431.962 Thread 0x000001bacdba8340 44612       3       kotlin.sequences.TakeWhileSequence$iterator$1::calcNext (61 bytes)
Event: 431.962 Thread 0x000001bb1641f930 nmethod 44607 0x000001bac33fdc10 code [0x000001bac33fdda0, 0x000001bac33fde98]
Event: 431.962 Thread 0x000001bb1641f930 44608       4       kotlin.text.StringsKt__StringsJVMKt::startsWith (36 bytes)
Event: 431.963 Thread 0x000001bacdba8340 nmethod 44612 0x000001babad7ae10 code [0x000001babad7b000, 0x000001babad7b5d0]
Event: 431.963 Thread 0x000001bacdba8340 44614       3       kotlin.text.MatcherMatchResult::<init> (42 bytes)
Event: 431.964 Thread 0x000001bacdba8340 nmethod 44614 0x000001babad77990 code [0x000001babad77c60, 0x000001babad78a08]
Event: 431.964 Thread 0x000001bb162a17d0 nmethod 44604% 0x000001bac33fdf90 code [0x000001bac33fe140, 0x000001bac33fe570]
Event: 431.964 Thread 0x000001bacdba8340 44615       2       com.android.tools.profgen.MutablePrefixTree$Node$iterator$1::invokeSuspend (207 bytes)
Event: 431.965 Thread 0x000001bb162a17d0 44617       4       java.util.regex.Matcher::match (154 bytes)
Event: 431.966 Thread 0x000001bacdba8340 nmethod 44615 0x000001babad76790 code [0x000001babad76a20, 0x000001babad77508]
Event: 431.966 Thread 0x000001bacdba8340 44616       2       com.android.tools.profgen.MutablePrefixTree$Node$iterator$1::create (23 bytes)
Event: 431.967 Thread 0x000001bacdba8340 nmethod 44616 0x000001babad7a790 code [0x000001babad7a940, 0x000001babad7abc0]
Event: 431.967 Thread 0x000001bacdba8340 44618       2       kotlin.collections.ArrayAsCollection::toArray (12 bytes)
Event: 431.967 Thread 0x000001bacdba8340 nmethod 44618 0x000001babad76410 code [0x000001babad765c0, 0x000001babad766f8]
Event: 431.967 Thread 0x000001bacdba8340 44619       2       kotlin.collections.CollectionsKt__CollectionsJVMKt::copyToArrayOfAny (41 bytes)
Event: 431.969 Thread 0x000001bacdba8340 nmethod 44619 0x000001babad75b90 code [0x000001babad75dc0, 0x000001babad761b8]
Event: 431.973 Thread 0x000001bb1641f930 nmethod 44608 0x000001bac33fe910 code [0x000001bac33feac0, 0x000001bac33fedf0]
Event: 431.974 Thread 0x000001bb1641f930 44620       4       com.android.tools.profgen.MutablePrefixTree$prefixIterator$1::invokeSuspend (287 bytes)
Event: 431.979 Thread 0x000001bb162a17d0 nmethod 44617 0x000001bac33ff110 code [0x000001bac33ff2c0, 0x000001bac33ff600]
Event: 431.979 Thread 0x000001bb162a17d0 44621       4       java.util.regex.Pattern$BmpCharPropertyGreedy::match (89 bytes)

GC Heap History (20 events):
Event: 422.879 GC heap after
{Heap after GC invocations=251 (full 0):
 garbage-first heap   total 662528K, used 427556K [0x0000000100000000, 0x0000000140000000)
  region size 1024K, 14 young (14336K), 14 survivors (14336K)
 Metaspace       used 153790K, committed 156992K, reserved 1245184K
  class space    used 20459K, committed 22144K, reserved 1048576K
}
Event: 423.986 GC heap before
{Heap before GC invocations=252 (full 0):
 garbage-first heap   total 662528K, used 500004K [0x0000000100000000, 0x0000000140000000)
  region size 1024K, 181 young (185344K), 14 survivors (14336K)
 Metaspace       used 153812K, committed 156992K, reserved 1245184K
  class space    used 20459K, committed 22144K, reserved 1048576K
}
Event: 424.149 GC heap after
{Heap after GC invocations=253 (full 0):
 garbage-first heap   total 662528K, used 414719K [0x0000000100000000, 0x0000000140000000)
  region size 1024K, 23 young (23552K), 23 survivors (23552K)
 Metaspace       used 153812K, committed 156992K, reserved 1245184K
  class space    used 20459K, committed 22144K, reserved 1048576K
}
Event: 425.208 GC heap before
{Heap before GC invocations=253 (full 0):
 garbage-first heap   total 662528K, used 563199K [0x0000000100000000, 0x0000000140000000)
  region size 1024K, 161 young (164864K), 23 survivors (23552K)
 Metaspace       used 153830K, committed 157056K, reserved 1245184K
  class space    used 20459K, committed 22144K, reserved 1048576K
}
Event: 425.685 GC heap after
{Heap after GC invocations=254 (full 0):
 garbage-first heap   total 740352K, used 403967K [0x0000000100000000, 0x0000000140000000)
  region size 1024K, 21 young (21504K), 21 survivors (21504K)
 Metaspace       used 153830K, committed 157056K, reserved 1245184K
  class space    used 20459K, committed 22144K, reserved 1048576K
}
Event: 425.909 GC heap before
{Heap before GC invocations=254 (full 0):
 garbage-first heap   total 740352K, used 420351K [0x0000000100000000, 0x0000000140000000)
  region size 1024K, 36 young (36864K), 21 survivors (21504K)
 Metaspace       used 153831K, committed 157056K, reserved 1245184K
  class space    used 20459K, committed 22144K, reserved 1048576K
}
Event: 425.942 GC heap after
{Heap after GC invocations=255 (full 0):
 garbage-first heap   total 740352K, used 397311K [0x0000000100000000, 0x0000000140000000)
  region size 1024K, 5 young (5120K), 5 survivors (5120K)
 Metaspace       used 153831K, committed 157056K, reserved 1245184K
  class space    used 20459K, committed 22144K, reserved 1048576K
}
Event: 426.478 GC heap before
{Heap before GC invocations=255 (full 0):
 garbage-first heap   total 740352K, used 494591K [0x0000000100000000, 0x0000000140000000)
  region size 1024K, 101 young (103424K), 5 survivors (5120K)
 Metaspace       used 153841K, committed 157056K, reserved 1245184K
  class space    used 20460K, committed 22144K, reserved 1048576K
}
Event: 426.494 GC heap after
{Heap after GC invocations=256 (full 0):
 garbage-first heap   total 740352K, used 391865K [0x0000000100000000, 0x0000000140000000)
  region size 1024K, 10 young (10240K), 10 survivors (10240K)
 Metaspace       used 153841K, committed 157056K, reserved 1245184K
  class space    used 20460K, committed 22144K, reserved 1048576K
}
Event: 427.472 GC heap before
{Heap before GC invocations=256 (full 0):
 garbage-first heap   total 740352K, used 564921K [0x0000000100000000, 0x0000000140000000)
  region size 1024K, 174 young (178176K), 10 survivors (10240K)
 Metaspace       used 153853K, committed 157056K, reserved 1245184K
  class space    used 20461K, committed 22144K, reserved 1048576K
}
Event: 427.495 GC heap after
{Heap after GC invocations=257 (full 0):
 garbage-first heap   total 740352K, used 393866K [0x0000000100000000, 0x0000000140000000)
  region size 1024K, 16 young (16384K), 16 survivors (16384K)
 Metaspace       used 153853K, committed 157056K, reserved 1245184K
  class space    used 20461K, committed 22144K, reserved 1048576K
}
Event: 427.764 GC heap before
{Heap before GC invocations=257 (full 0):
 garbage-first heap   total 740352K, used 603786K [0x0000000100000000, 0x0000000140000000)
  region size 1024K, 222 young (227328K), 16 survivors (16384K)
 Metaspace       used 153853K, committed 157056K, reserved 1245184K
  class space    used 20461K, committed 22144K, reserved 1048576K
}
Event: 427.787 GC heap after
{Heap after GC invocations=258 (full 0):
 garbage-first heap   total 740352K, used 394962K [0x0000000100000000, 0x0000000140000000)
  region size 1024K, 14 young (14336K), 14 survivors (14336K)
 Metaspace       used 153853K, committed 157056K, reserved 1245184K
  class space    used 20461K, committed 22144K, reserved 1048576K
}
Event: 428.143 GC heap before
{Heap before GC invocations=258 (full 0):
 garbage-first heap   total 740352K, used 622290K [0x0000000100000000, 0x0000000140000000)
  region size 1024K, 236 young (241664K), 14 survivors (14336K)
 Metaspace       used 153854K, committed 157056K, reserved 1245184K
  class space    used 20461K, committed 22144K, reserved 1048576K
}
Event: 428.168 GC heap after
{Heap after GC invocations=259 (full 0):
 garbage-first heap   total 740352K, used 394962K [0x0000000100000000, 0x0000000140000000)
  region size 1024K, 14 young (14336K), 14 survivors (14336K)
 Metaspace       used 153854K, committed 157056K, reserved 1245184K
  class space    used 20461K, committed 22144K, reserved 1048576K
}
Event: 428.596 GC heap before
{Heap before GC invocations=259 (full 0):
 garbage-first heap   total 740352K, used 629458K [0x0000000100000000, 0x0000000140000000)
  region size 1024K, 245 young (250880K), 14 survivors (14336K)
 Metaspace       used 153854K, committed 157056K, reserved 1245184K
  class space    used 20461K, committed 22144K, reserved 1048576K
}
Event: 428.619 GC heap after
{Heap after GC invocations=260 (full 0):
 garbage-first heap   total 740352K, used 391378K [0x0000000100000000, 0x0000000140000000)
  region size 1024K, 10 young (10240K), 10 survivors (10240K)
 Metaspace       used 153854K, committed 157056K, reserved 1245184K
  class space    used 20461K, committed 22144K, reserved 1048576K
}
Event: 429.927 GC heap before
{Heap before GC invocations=261 (full 0):
 garbage-first heap   total 740352K, used 676050K [0x0000000100000000, 0x0000000140000000)
  region size 1024K, 265 young (271360K), 10 survivors (10240K)
 Metaspace       used 153858K, committed 157056K, reserved 1245184K
  class space    used 20461K, committed 22144K, reserved 1048576K
}
Event: 429.975 GC heap after
{Heap after GC invocations=262 (full 0):
 garbage-first heap   total 740352K, used 430066K [0x0000000100000000, 0x0000000140000000)
  region size 1024K, 34 young (34816K), 34 survivors (34816K)
 Metaspace       used 153858K, committed 157056K, reserved 1245184K
  class space    used 20461K, committed 22144K, reserved 1048576K
}
Event: 431.982 GC heap before
{Heap before GC invocations=262 (full 0):
 garbage-first heap   total 740352K, used 734194K [0x0000000100000000, 0x0000000140000000)
  region size 1024K, 261 young (267264K), 34 survivors (34816K)
 Metaspace       used 156290K, committed 159488K, reserved 1245184K
  class space    used 20703K, committed 22400K, reserved 1048576K
}

Dll operation events (16 events):
Event: 0.032 Loaded shared library C:\Users\jespe\.gradle\jdks\eclipse_adoptium-21-amd64-windows.2\bin\java.dll
Event: 0.070 Loaded shared library C:\Users\jespe\.gradle\jdks\eclipse_adoptium-21-amd64-windows.2\bin\jsvml.dll
Event: 0.111 Loaded shared library C:\Users\jespe\.gradle\jdks\eclipse_adoptium-21-amd64-windows.2\bin\zip.dll
Event: 0.117 Loaded shared library C:\Users\jespe\.gradle\jdks\eclipse_adoptium-21-amd64-windows.2\bin\instrument.dll
Event: 0.122 Loaded shared library C:\Users\jespe\.gradle\jdks\eclipse_adoptium-21-amd64-windows.2\bin\net.dll
Event: 0.123 Loaded shared library C:\Users\jespe\.gradle\jdks\eclipse_adoptium-21-amd64-windows.2\bin\nio.dll
Event: 0.126 Loaded shared library C:\Users\jespe\.gradle\jdks\eclipse_adoptium-21-amd64-windows.2\bin\zip.dll
Event: 1.190 Loaded shared library C:\Users\jespe\.gradle\jdks\eclipse_adoptium-21-amd64-windows.2\bin\jimage.dll
Event: 1.465 Loaded shared library C:\Users\jespe\.gradle\jdks\eclipse_adoptium-21-amd64-windows.2\bin\verify.dll
Event: 1.525 Loaded shared library C:\Users\jespe\.gradle\native\660c5614fbf4a5f2a75b1949f50a0caf5cd603558e7d8a26e50b933a0cfb79d1\windows-amd64\native-platform.dll
Event: 1.612 Loaded shared library C:\Users\jespe\.gradle\native\0.2.8\x86_64-windows-gnu\gradle-fileevents.dll
Event: 4.392 Loaded shared library C:\Users\jespe\.gradle\jdks\eclipse_adoptium-21-amd64-windows.2\bin\management.dll
Event: 4.396 Loaded shared library C:\Users\jespe\.gradle\jdks\eclipse_adoptium-21-amd64-windows.2\bin\management_ext.dll
Event: 4.676 Loaded shared library C:\Users\jespe\.gradle\jdks\eclipse_adoptium-21-amd64-windows.2\bin\extnet.dll
Event: 5.112 Loaded shared library C:\Users\jespe\.gradle\jdks\eclipse_adoptium-21-amd64-windows.2\bin\sunmscapi.dll
Event: 51.849 Loaded shared library C:\Users\jespe\.gradle\jdks\eclipse_adoptium-21-amd64-windows.2\bin\rmi.dll

Deoptimization events (20 events):
Event: 431.766 Thread 0x000001bb24eda020 Uncommon trap: trap_request=0xffffffde fr.pc=0x000001bac288f758 relative=0x00000000000000b8
Event: 431.766 Thread 0x000001bb24eda020 Uncommon trap: reason=class_check action=maybe_recompile pc=0x000001bac288f758 method=java.nio.ByteBuffer.limit(I)Ljava/nio/Buffer; @ 2 c2
Event: 431.766 Thread 0x000001bb24eda020 DEOPT PACKING pc=0x000001bac288f758 sp=0x0000002660efd7f0
Event: 431.766 Thread 0x000001bb24eda020 DEOPT UNPACKING pc=0x000001bac17446a2 sp=0x0000002660efd788 mode 2
Event: 431.766 Thread 0x000001bb24eda020 Uncommon trap: trap_request=0xffffffde fr.pc=0x000001bac2249e30 relative=0x0000000000000090
Event: 431.766 Thread 0x000001bb24eda020 Uncommon trap: reason=class_check action=maybe_recompile pc=0x000001bac2249e30 method=java.nio.ByteBuffer.position(I)Ljava/nio/Buffer; @ 2 c2
Event: 431.766 Thread 0x000001bb24eda020 DEOPT PACKING pc=0x000001bac2249e30 sp=0x0000002660efd7f0
Event: 431.766 Thread 0x000001bb24eda020 DEOPT UNPACKING pc=0x000001bac17446a2 sp=0x0000002660efd788 mode 2
Event: 431.804 Thread 0x000001bb130263c0 Uncommon trap: trap_request=0xffffff45 fr.pc=0x000001bac33e55d0 relative=0x00000000000004f0
Event: 431.804 Thread 0x000001bb130263c0 Uncommon trap: reason=unstable_if action=reinterpret pc=0x000001bac33e55d0 method=org.apache.commons.io.FilenameUtils.indexOfExtension(Ljava/lang/String;)I @ 52 c2
Event: 431.804 Thread 0x000001bb130263c0 DEOPT PACKING pc=0x000001bac33e55d0 sp=0x000000265f2faab0
Event: 431.804 Thread 0x000001bb130263c0 DEOPT UNPACKING pc=0x000001bac17446a2 sp=0x000000265f2faa50 mode 2
Event: 431.902 Thread 0x000001bb24eda020 DEOPT PACKING pc=0x000001babb3e146d sp=0x0000002660efd520
Event: 431.902 Thread 0x000001bb24eda020 DEOPT UNPACKING pc=0x000001bac1744e42 sp=0x0000002660efca50 mode 0
Event: 431.975 Thread 0x000001bb24eda020 DEOPT PACKING pc=0x000001babb826641 sp=0x0000002660efd4d0
Event: 431.975 Thread 0x000001bb24eda020 DEOPT UNPACKING pc=0x000001bac1744e42 sp=0x0000002660efc998 mode 0
Event: 431.975 Thread 0x000001bb24eda020 DEOPT PACKING pc=0x000001babb3dc576 sp=0x0000002660efd450
Event: 431.975 Thread 0x000001bb24eda020 DEOPT UNPACKING pc=0x000001bac1744e42 sp=0x0000002660efc908 mode 0
Event: 431.979 Thread 0x000001bb24eda020 DEOPT PACKING pc=0x000001babb3dc576 sp=0x0000002660efd450
Event: 431.979 Thread 0x000001bb24eda020 DEOPT UNPACKING pc=0x000001bac1744e42 sp=0x0000002660efc908 mode 0

Classes loaded (20 events):
Event: 290.895 Loading class jdk/internal/access/JavaIOPrintWriterAccess done
Event: 290.895 Loading class java/io/PrintWriter$1 done
Event: 294.081 Loading class java/util/SplittableRandom
Event: 294.083 Loading class java/util/random/RandomGenerator$SplittableGenerator
Event: 294.083 Loading class java/util/random/RandomGenerator$StreamableGenerator
Event: 294.084 Loading class java/util/random/RandomGenerator$StreamableGenerator done
Event: 294.084 Loading class java/util/random/RandomGenerator$SplittableGenerator done
Event: 294.084 Loading class java/util/SplittableRandom done
Event: 294.085 Loading class java/util/SplittableRandom$AbstractSplittableGeneratorProxy
Event: 294.086 Loading class jdk/internal/util/random/RandomSupport$AbstractSplittableGenerator
Event: 294.087 Loading class jdk/internal/util/random/RandomSupport$AbstractSpliteratorGenerator
Event: 294.087 Loading class jdk/internal/util/random/RandomSupport$AbstractSpliteratorGenerator done
Event: 294.087 Loading class jdk/internal/util/random/RandomSupport$AbstractSplittableGenerator done
Event: 294.087 Loading class java/util/SplittableRandom$AbstractSplittableGeneratorProxy done
Event: 377.458 Loading class java/util/WeakHashMap$KeyIterator
Event: 377.458 Loading class java/util/WeakHashMap$HashIterator
Event: 377.458 Loading class java/util/WeakHashMap$HashIterator done
Event: 377.458 Loading class java/util/WeakHashMap$KeyIterator done
Event: 431.230 Loading class java/nio/HeapByteBufferR
Event: 431.231 Loading class java/nio/HeapByteBufferR done

Classes unloaded (7 events):
Event: 50.754 Thread 0x000001baaefb0a10 Unloading class 0x000001bad003c400 'java/lang/invoke/LambdaForm$DMH+0x000001bad003c400'
Event: 263.749 Thread 0x000001baaefb0a10 Unloading class 0x000001bacff0c000 'java/lang/invoke/LambdaForm$MH+0x000001bacff0c000'
Event: 263.749 Thread 0x000001baaefb0a10 Unloading class 0x000001bacfef8800 'java/lang/invoke/LambdaForm$MH+0x000001bacfef8800'
Event: 263.749 Thread 0x000001baaefb0a10 Unloading class 0x000001bacfeec400 'java/lang/invoke/LambdaForm$MH+0x000001bacfeec400'
Event: 263.749 Thread 0x000001baaefb0a10 Unloading class 0x000001bacfeec000 'java/lang/invoke/LambdaForm$MH+0x000001bacfeec000'
Event: 263.749 Thread 0x000001baaefb0a10 Unloading class 0x000001bacfd00000 'java/lang/invoke/LambdaForm$MH+0x000001bacfd00000'
Event: 273.827 Thread 0x000001baaefb0a10 Unloading class 0x000001bad0330400 'java/lang/invoke/LambdaForm$DMH+0x000001bad0330400'

Classes redefined (0 events):
No events

Internal exceptions (20 events):
Event: 430.862 Thread 0x000001bb13026a50 Exception <a 'sun/nio/fs/WindowsException'{0x000000013cc1a868}> (0x000000013cc1a868) 
thrown [s\src\hotspot\share\prims\jni.cpp, line 520]
Event: 430.863 Thread 0x000001bb13026a50 Exception <a 'sun/nio/fs/WindowsException'{0x000000013cc1c990}> (0x000000013cc1c990) 
thrown [s\src\hotspot\share\prims\jni.cpp, line 520]
Event: 430.864 Thread 0x000001bb13026a50 Exception <a 'sun/nio/fs/WindowsException'{0x000000013cc1f1c0}> (0x000000013cc1f1c0) 
thrown [s\src\hotspot\share\prims\jni.cpp, line 520]
Event: 430.864 Thread 0x000001bb13026a50 Exception <a 'sun/nio/fs/WindowsException'{0x000000013cc21c20}> (0x000000013cc21c20) 
thrown [s\src\hotspot\share\prims\jni.cpp, line 520]
Event: 430.865 Thread 0x000001bb13026a50 Exception <a 'sun/nio/fs/WindowsException'{0x000000013cc24668}> (0x000000013cc24668) 
thrown [s\src\hotspot\share\prims\jni.cpp, line 520]
Event: 430.865 Thread 0x000001bb13026a50 Exception <a 'sun/nio/fs/WindowsException'{0x000000013cc27050}> (0x000000013cc27050) 
thrown [s\src\hotspot\share\prims\jni.cpp, line 520]
Event: 430.884 Thread 0x000001bb13026a50 Exception <a 'sun/nio/fs/WindowsException'{0x000000013cc4b730}> (0x000000013cc4b730) 
thrown [s\src\hotspot\share\prims\jni.cpp, line 520]
Event: 430.885 Thread 0x000001bb13026a50 Exception <a 'sun/nio/fs/WindowsException'{0x000000013cc4c630}> (0x000000013cc4c630) 
thrown [s\src\hotspot\share\prims\jni.cpp, line 520]
Event: 430.885 Thread 0x000001bb13026a50 Exception <a 'sun/nio/fs/WindowsException'{0x000000013cc4c7d0}> (0x000000013cc4c7d0) 
thrown [s\src\hotspot\share\prims\jni.cpp, line 520]
Event: 430.885 Thread 0x000001bb13026a50 Exception <a 'sun/nio/fs/WindowsException'{0x000000013cc4d918}> (0x000000013cc4d918) 
thrown [s\src\hotspot\share\prims\jni.cpp, line 520]
Event: 430.885 Thread 0x000001bb13026a50 Exception <a 'sun/nio/fs/WindowsException'{0x000000013cc4e830}> (0x000000013cc4e830) 
thrown [s\src\hotspot\share\prims\jni.cpp, line 520]
Event: 430.885 Thread 0x000001bb13026a50 Exception <a 'sun/nio/fs/WindowsException'{0x000000013cc4e9e8}> (0x000000013cc4e9e8) 
thrown [s\src\hotspot\share\prims\jni.cpp, line 520]
Event: 430.885 Thread 0x000001bb13026a50 Exception <a 'sun/nio/fs/WindowsException'{0x000000013cc4fb18}> (0x000000013cc4fb18) 
thrown [s\src\hotspot\share\prims\jni.cpp, line 520]
Event: 430.885 Thread 0x000001bb13026a50 Exception <a 'sun/nio/fs/WindowsException'{0x000000013cc50a28}> (0x000000013cc50a28) 
thrown [s\src\hotspot\share\prims\jni.cpp, line 520]
Event: 430.885 Thread 0x000001bb13026a50 Exception <a 'sun/nio/fs/WindowsException'{0x000000013cc50bd8}> (0x000000013cc50bd8) 
thrown [s\src\hotspot\share\prims\jni.cpp, line 520]
Event: 430.913 Thread 0x000001bb24eda020 Exception <a 'sun/nio/fs/WindowsException'{0x000000013ccf1550}> (0x000000013ccf1550) 
thrown [s\src\hotspot\share\prims\jni.cpp, line 520]
Event: 431.207 Thread 0x000001bb130263c0 Exception <a 'sun/nio/fs/WindowsException'{0x000000013aedd870}> (0x000000013aedd870) 
thrown [s\src\hotspot\share\prims\jni.cpp, line 520]
Event: 431.208 Thread 0x000001bb130263c0 Exception <a 'sun/nio/fs/WindowsException'{0x000000013aee00d0}> (0x000000013aee00d0) 
thrown [s\src\hotspot\share\prims\jni.cpp, line 520]
Event: 431.339 Thread 0x000001bb130263c0 Exception <a 'sun/nio/fs/WindowsException'{0x000000013a3b6348}> (0x000000013a3b6348) 
thrown [s\src\hotspot\share\prims\jni.cpp, line 520]
Event: 431.340 Thread 0x000001bb130263c0 Exception <a 'sun/nio/fs/WindowsException'{0x000000013a3b9b98}> (0x000000013a3b9b98) 
thrown [s\src\hotspot\share\prims\jni.cpp, line 520]

ZGC Phase Switch (0 events):
No events

VM Operations (20 events):
Event: 426.494 Executing VM operation: G1CollectForAllocation (G1 Evacuation Pause) done
Event: 427.472 Executing VM operation: G1CollectForAllocation (G1 Evacuation Pause)
Event: 427.495 Executing VM operation: G1CollectForAllocation (G1 Evacuation Pause) done
Event: 427.764 Executing VM operation: G1CollectForAllocation (G1 Evacuation Pause)
Event: 427.788 Executing VM operation: G1CollectForAllocation (G1 Evacuation Pause) done
Event: 428.143 Executing VM operation: G1CollectForAllocation (G1 Evacuation Pause)
Event: 428.168 Executing VM operation: G1CollectForAllocation (G1 Evacuation Pause) done
Event: 428.596 Executing VM operation: G1TryInitiateConcMark (G1 Humongous Allocation)
Event: 428.619 Executing VM operation: G1TryInitiateConcMark (G1 Humongous Allocation) done
Event: 429.160 Executing VM operation: G1PauseRemark
Event: 429.172 Executing VM operation: G1PauseRemark done
Event: 429.561 Executing VM operation: G1PauseCleanup
Event: 429.562 Executing VM operation: G1PauseCleanup done
Event: 429.927 Executing VM operation: G1CollectForAllocation (G1 Evacuation Pause)
Event: 429.975 Executing VM operation: G1CollectForAllocation (G1 Evacuation Pause) done
Event: 431.224 Executing VM operation: ICBufferFull
Event: 431.224 Executing VM operation: ICBufferFull done
Event: 431.237 Executing VM operation: HandshakeAllThreads (Deoptimize)
Event: 431.238 Executing VM operation: HandshakeAllThreads (Deoptimize) done
Event: 431.982 Executing VM operation: G1CollectForAllocation (G1 Evacuation Pause)

Memory protections (0 events):
No events

Nmethod flushes (20 events):
Event: 429.171 Thread 0x000001baaefb0a10 flushing osr nmethod 0x000001bac310d790
Event: 429.171 Thread 0x000001baaefb0a10 flushing  nmethod 0x000001bab9a89b10
Event: 429.171 Thread 0x000001baaefb0a10 flushing  nmethod 0x000001bab9b1dd10
Event: 429.171 Thread 0x000001baaefb0a10 flushing  nmethod 0x000001bab9b1e190
Event: 429.171 Thread 0x000001baaefb0a10 flushing  nmethod 0x000001bab9bad110
Event: 429.171 Thread 0x000001baaefb0a10 flushing  nmethod 0x000001bab9e61190
Event: 429.171 Thread 0x000001baaefb0a10 flushing  nmethod 0x000001bab9fb0e90
Event: 429.171 Thread 0x000001baaefb0a10 flushing  nmethod 0x000001baba0b4310
Event: 429.171 Thread 0x000001baaefb0a10 flushing osr nmethod 0x000001baba29a990
Event: 429.171 Thread 0x000001baaefb0a10 flushing  nmethod 0x000001babae22f90
Event: 429.171 Thread 0x000001baaefb0a10 flushing  nmethod 0x000001babb043290
Event: 429.171 Thread 0x000001baaefb0a10 flushing  nmethod 0x000001babb28a310
Event: 429.171 Thread 0x000001baaefb0a10 flushing  nmethod 0x000001babb824510
Event: 429.171 Thread 0x000001baaefb0a10 flushing  nmethod 0x000001bac2c66390
Event: 429.171 Thread 0x000001baaefb0a10 flushing  nmethod 0x000001bab9ac8110
Event: 429.171 Thread 0x000001baaefb0a10 flushing  nmethod 0x000001bab9b59e90
Event: 429.171 Thread 0x000001baaefb0a10 flushing  nmethod 0x000001bab9f74990
Event: 429.171 Thread 0x000001baaefb0a10 flushing  nmethod 0x000001baba22f110
Event: 429.171 Thread 0x000001baaefb0a10 flushing  nmethod 0x000001babab06a90
Event: 429.171 Thread 0x000001baaefb0a10 flushing  nmethod 0x000001babaee8090

Events (20 events):
Event: 412.348 Thread 0x000001bb22be6d90 Thread added: 0x000001bb24ee09d0
Event: 414.613 Thread 0x000001bb162a0360 Thread exited: 0x000001bb162a0360
Event: 414.848 Thread 0x000001bacdba5180 Thread added: 0x000001bb214d0570
Event: 415.852 Thread 0x000001bb214d0570 Thread exited: 0x000001bb214d0570
Event: 415.994 Thread 0x000001bb2377d230 Thread exited: 0x000001bb2377d230
Event: 416.870 Thread 0x000001bacdba8340 Thread added: 0x000001bb162a17d0
Event: 416.870 Thread 0x000001bacdba8340 Thread added: 0x000001bb162a2c40
Event: 418.647 Thread 0x000001bb162a2c40 Thread exited: 0x000001bb162a2c40
Event: 418.763 Thread 0x000001bb162a17d0 Thread exited: 0x000001bb162a17d0
Event: 420.443 Thread 0x000001bacdba5180 Thread added: 0x000001bb162a17d0
Event: 420.588 Thread 0x000001bacdba8340 Thread added: 0x000001bb202737c0
Event: 422.329 Thread 0x000001bb202737c0 Thread exited: 0x000001bb202737c0
Event: 422.332 Thread 0x000001bacdba8340 Thread added: 0x000001bb2377b6f0
Event: 422.551 Thread 0x000001bb1714a110 Thread added: 0x000001bb24eda020
Event: 425.010 Thread 0x000001bb23f28a10 Thread exited: 0x000001bb23f28a10
Event: 426.331 Thread 0x000001bb2377b6f0 Thread exited: 0x000001bb2377b6f0
Event: 427.109 Thread 0x000001bb162a17d0 Thread exited: 0x000001bb162a17d0
Event: 429.528 Thread 0x000001bacdba8340 Thread added: 0x000001bb162a17d0
Event: 430.596 Thread 0x000001bacdba8340 Thread added: 0x000001bb1641f930
Event: 430.626 Thread 0x000001bb24eda020 Thread added: 0x000001bb19a12220


Dynamic libraries:
0x00007ff6caec0000 - 0x00007ff6caece000 	C:\Users\jespe\.gradle\jdks\eclipse_adoptium-21-amd64-windows.2\bin\java.exe
0x00007ffc3d640000 - 0x00007ffc3d8a6000 	C:\WINDOWS\SYSTEM32\ntdll.dll
0x00007ffc3be10000 - 0x00007ffc3bed9000 	C:\WINDOWS\System32\KERNEL32.DLL
0x00007ffc3ae70000 - 0x00007ffc3b26a000 	C:\WINDOWS\System32\KERNELBASE.dll
0x00007ffc3aaf0000 - 0x00007ffc3ac3c000 	C:\WINDOWS\System32\ucrtbase.dll
0x00007ffc14210000 - 0x00007ffc14228000 	C:\Users\jespe\.gradle\jdks\eclipse_adoptium-21-amd64-windows.2\bin\jli.dll
0x00007ffc141f0000 - 0x00007ffc1420e000 	C:\Users\jespe\.gradle\jdks\eclipse_adoptium-21-amd64-windows.2\bin\VCRUNTIME140.dll
0x00007ffc3b610000 - 0x00007ffc3b7d7000 	C:\WINDOWS\System32\USER32.dll
0x00007ffc1d690000 - 0x00007ffc1d922000 	C:\WINDOWS\WinSxS\amd64_microsoft.windows.common-controls_6595b64144ccf1df_6.0.26100.8521_none_3e08b75ce33403b3\COMCTL32.dll
0x00007ffc3a8d0000 - 0x00007ffc3a8f7000 	C:\WINDOWS\System32\win32u.dll
0x00007ffc3b7e0000 - 0x00007ffc3b889000 	C:\WINDOWS\System32\msvcrt.dll
0x00007ffc3bd20000 - 0x00007ffc3bd4b000 	C:\WINDOWS\System32\GDI32.dll
0x00007ffc3a9c0000 - 0x00007ffc3aaeb000 	C:\WINDOWS\System32\gdi32full.dll
0x00007ffc3b270000 - 0x00007ffc3b313000 	C:\WINDOWS\System32\msvcp_win.dll
0x00007ffc3bdd0000 - 0x00007ffc3be02000 	C:\WINDOWS\System32\IMM32.DLL
0x00007ffc22ec0000 - 0x00007ffc22ecc000 	C:\Users\jespe\.gradle\jdks\eclipse_adoptium-21-amd64-windows.2\bin\vcruntime140_1.dll
0x00007ffc0c5d0000 - 0x00007ffc0c65d000 	C:\Users\jespe\.gradle\jdks\eclipse_adoptium-21-amd64-windows.2\bin\msvcp140.dll
0x00007ffb984a0000 - 0x00007ffb99230000 	C:\Users\jespe\.gradle\jdks\eclipse_adoptium-21-amd64-windows.2\bin\server\jvm.dll
0x00007ffc3c7c0000 - 0x00007ffc3c876000 	C:\WINDOWS\System32\ADVAPI32.dll
0x00007ffc3d4b0000 - 0x00007ffc3d55a000 	C:\WINDOWS\System32\sechost.dll
0x00007ffc3d0a0000 - 0x00007ffc3d1b8000 	C:\WINDOWS\System32\RPCRT4.dll
0x00007ffc3d320000 - 0x00007ffc3d3a0000 	C:\WINDOWS\System32\WS2_32.dll
0x00007ffc3a730000 - 0x00007ffc3a78e000 	C:\WINDOWS\SYSTEM32\POWRPROF.dll
0x00007ffc2d5a0000 - 0x00007ffc2d5ab000 	C:\WINDOWS\SYSTEM32\VERSION.dll
0x00007ffc26900000 - 0x00007ffc26936000 	C:\WINDOWS\SYSTEM32\WINMM.dll
0x00007ffc3a710000 - 0x00007ffc3a724000 	C:\WINDOWS\SYSTEM32\UMPDC.dll
0x00007ffc39620000 - 0x00007ffc3963b000 	C:\WINDOWS\SYSTEM32\kernel.appcore.dll
0x00007ffc18d50000 - 0x00007ffc18d5a000 	C:\Users\jespe\.gradle\jdks\eclipse_adoptium-21-amd64-windows.2\bin\jimage.dll
0x00007ffc37c10000 - 0x00007ffc37e52000 	C:\WINDOWS\SYSTEM32\DBGHELP.DLL
0x00007ffc3cb30000 - 0x00007ffc3ceb3000 	C:\WINDOWS\System32\combase.dll
0x00007ffc3ca50000 - 0x00007ffc3cb29000 	C:\WINDOWS\System32\OLEAUT32.dll
0x00007ffc0c3c0000 - 0x00007ffc0c3fb000 	C:\WINDOWS\SYSTEM32\dbgcore.DLL
0x00007ffc3adc0000 - 0x00007ffc3ae68000 	C:\WINDOWS\System32\bcryptPrimitives.dll
0x00007ffc18ba0000 - 0x00007ffc18baf000 	C:\Users\jespe\.gradle\jdks\eclipse_adoptium-21-amd64-windows.2\bin\instrument.dll
0x00007ffc12190000 - 0x00007ffc121af000 	C:\Users\jespe\.gradle\jdks\eclipse_adoptium-21-amd64-windows.2\bin\java.dll
0x00007ffc3bf60000 - 0x00007ffc3c6e4000 	C:\WINDOWS\System32\SHELL32.dll
0x00007ffc38450000 - 0x00007ffc38cd0000 	C:\WINDOWS\SYSTEM32\windows.storage.dll
0x00007ffc3d3b0000 - 0x00007ffc3d4a6000 	C:\WINDOWS\System32\SHCORE.dll
0x00007ffc3d2b0000 - 0x00007ffc3d317000 	C:\WINDOWS\System32\shlwapi.dll
0x00007ffc3a7f0000 - 0x00007ffc3a819000 	C:\WINDOWS\SYSTEM32\profapi.dll
0x00007ffbf3920000 - 0x00007ffbf39f7000 	C:\Users\jespe\.gradle\jdks\eclipse_adoptium-21-amd64-windows.2\bin\jsvml.dll
0x00007ffc11470000 - 0x00007ffc11488000 	C:\Users\jespe\.gradle\jdks\eclipse_adoptium-21-amd64-windows.2\bin\zip.dll
0x00007ffc14b60000 - 0x00007ffc14b70000 	C:\Users\jespe\.gradle\jdks\eclipse_adoptium-21-amd64-windows.2\bin\net.dll
0x00007ffc341d0000 - 0x00007ffc342f9000 	C:\WINDOWS\SYSTEM32\WINHTTP.dll
0x00007ffc39b70000 - 0x00007ffc39bdc000 	C:\WINDOWS\system32\mswsock.dll
0x00007ffc10b90000 - 0x00007ffc10ba6000 	C:\Users\jespe\.gradle\jdks\eclipse_adoptium-21-amd64-windows.2\bin\nio.dll
0x00007ffc14730000 - 0x00007ffc14740000 	C:\Users\jespe\.gradle\jdks\eclipse_adoptium-21-amd64-windows.2\bin\verify.dll
0x00007ffc18de0000 - 0x00007ffc18e07000 	C:\Users\jespe\.gradle\native\660c5614fbf4a5f2a75b1949f50a0caf5cd603558e7d8a26e50b933a0cfb79d1\windows-amd64\native-platform.dll
0x00007ffc00de0000 - 0x00007ffc00e57000 	C:\Users\jespe\.gradle\native\0.2.8\x86_64-windows-gnu\gradle-fileevents.dll
0x00007ffc14510000 - 0x00007ffc1451a000 	C:\Users\jespe\.gradle\jdks\eclipse_adoptium-21-amd64-windows.2\bin\management.dll
0x00007ffc12180000 - 0x00007ffc1218b000 	C:\Users\jespe\.gradle\jdks\eclipse_adoptium-21-amd64-windows.2\bin\management_ext.dll
0x00007ffc3c6f0000 - 0x00007ffc3c6f8000 	C:\WINDOWS\System32\PSAPI.DLL
0x00007ffc39140000 - 0x00007ffc39173000 	C:\WINDOWS\SYSTEM32\IPHLPAPI.DLL
0x00007ffc3d1c0000 - 0x00007ffc3d1ca000 	C:\WINDOWS\System32\NSI.dll
0x00007ffc11ec0000 - 0x00007ffc11ec9000 	C:\Users\jespe\.gradle\jdks\eclipse_adoptium-21-amd64-windows.2\bin\extnet.dll
0x00007ffc39f70000 - 0x00007ffc39f8b000 	C:\WINDOWS\SYSTEM32\CRYPTSP.dll
0x00007ffc39580000 - 0x00007ffc395b9000 	C:\WINDOWS\system32\rsaenh.dll
0x00007ffc39c20000 - 0x00007ffc39c53000 	C:\WINDOWS\SYSTEM32\USERENV.dll
0x00007ffc3a7c0000 - 0x00007ffc3a7ea000 	C:\WINDOWS\SYSTEM32\bcrypt.dll
0x00007ffc39dd0000 - 0x00007ffc39ddc000 	C:\WINDOWS\SYSTEM32\CRYPTBASE.dll
0x00007ffc11460000 - 0x00007ffc1146e000 	C:\Users\jespe\.gradle\jdks\eclipse_adoptium-21-amd64-windows.2\bin\sunmscapi.dll
0x00007ffc3ac40000 - 0x00007ffc3adb8000 	C:\WINDOWS\System32\CRYPT32.dll
0x00007ffc3a0d0000 - 0x00007ffc3a100000 	C:\WINDOWS\SYSTEM32\ncrypt.dll
0x00007ffc3a080000 - 0x00007ffc3a0bf000 	C:\WINDOWS\SYSTEM32\NTASN1.dll
0x00007ffbee970000 - 0x00007ffbee978000 	C:\WINDOWS\system32\wshunix.dll
0x00007ffc37340000 - 0x00007ffc373e0000 	C:\WINDOWS\system32\apphelp.dll
0x00007ffbef100000 - 0x00007ffbef118000 	C:\WINDOWS\system32\napinsp.dll
0x00007ffc39180000 - 0x00007ffc392ca000 	C:\WINDOWS\SYSTEM32\DNSAPI.dll
0x00007ffc39940000 - 0x00007ffc3994d000 	C:\WINDOWS\SYSTEM32\DSPARSE.dll
0x00007ffbef0e0000 - 0x00007ffbef0f3000 	C:\WINDOWS\System32\winrnr.dll
0x00007ffbc3bc0000 - 0x00007ffbc3be2000 	C:\WINDOWS\system32\nlansp_c.dll
0x00007ffbfbf40000 - 0x00007ffbfbf56000 	C:\WINDOWS\system32\wshbth.dll
0x00007ffc2db00000 - 0x00007ffc2db0b000 	C:\Windows\System32\rasadhlp.dll
0x00007ffc346b0000 - 0x00007ffc34736000 	C:\WINDOWS\System32\fwpuclnt.dll
0x00007ffc37250000 - 0x00007ffc37257000 	C:\Users\jespe\.gradle\jdks\eclipse_adoptium-21-amd64-windows.2\bin\rmi.dll
0x00007ffc39740000 - 0x00007ffc39776000 	C:\WINDOWS\SYSTEM32\ntmarta.dll

dbghelp: loaded successfully - version: 4.0.5 - missing functions: none
symbol engine: initialized successfully - sym options: 0x614 - pdb path: .;C:\Users\jespe\.gradle\jdks\eclipse_adoptium-21-amd64-windows.2\bin;C:\WINDOWS\SYSTEM32;C:\WINDOWS\WinSxS\amd64_microsoft.windows.common-controls_6595b64144ccf1df_6.0.26100.8521_none_3e08b75ce33403b3;C:\Users\jespe\.gradle\jdks\eclipse_adoptium-21-amd64-windows.2\bin\server;C:\Users\jespe\.gradle\native\660c5614fbf4a5f2a75b1949f50a0caf5cd603558e7d8a26e50b933a0cfb79d1\windows-amd64;C:\Users\jespe\.gradle\native\0.2.8\x86_64-windows-gnu

VM Arguments:
jvm_args: --add-opens=java.base/java.lang=ALL-UNNAMED --add-opens=java.base/java.lang.invoke=ALL-UNNAMED --add-opens=java.base/java.util=ALL-UNNAMED --add-opens=java.prefs/java.util.prefs=ALL-UNNAMED --add-exports=jdk.compiler/com.sun.tools.javac.api=ALL-UNNAMED --add-exports=jdk.compiler/com.sun.tools.javac.util=ALL-UNNAMED --add-opens=java.base/java.util=ALL-UNNAMED --add-opens=java.prefs/java.util.prefs=ALL-UNNAMED --add-opens=java.base/java.nio.charset=ALL-UNNAMED --add-opens=java.base/java.net=ALL-UNNAMED --add-opens=java.base/java.util.concurrent=ALL-UNNAMED --add-opens=java.base/java.util.concurrent.atomic=ALL-UNNAMED --add-opens=java.xml/javax.xml.namespace=ALL-UNNAMED --add-opens=java.base/java.time=ALL-UNNAMED -XX:HeapBaseMinAddress=4g -XX:ReservedCodeCacheSize=256m -Xmx1024m -Dfile.encoding=UTF-8 -Duser.country=GB -Duser.language=en -Duser.variant -javaagent:C:\Users\jespe\.gradle\wrapper\dists\gradle-9.4.1-bin\arn2x92ynaizyzdaamcbpbhtj\gradle-9.4.1\lib\agents\gradle-instrumentation-agent-9.4.1.jar 
java_command: org.gradle.launcher.daemon.bootstrap.GradleDaemon 9.4.1
java_class_path (initial): C:\Users\jespe\.gradle\wrapper\dists\gradle-9.4.1-bin\arn2x92ynaizyzdaamcbpbhtj\gradle-9.4.1\lib\gradle-daemon-main-9.4.1.jar
Launcher Type: SUN_STANDARD

[Global flags]
     intx CICompilerCount                          = 4                                         {product} {ergonomic}
     uint ConcGCThreads                            = 2                                         {product} {ergonomic}
     uint G1ConcRefinementThreads                  = 8                                         {product} {ergonomic}
   size_t G1HeapRegionSize                         = 1048576                                   {product} {ergonomic}
    uintx GCDrainStackTargetSize                   = 64                                        {product} {ergonomic}
   size_t HeapBaseMinAddress                       = 4294967296                             {pd product} {command line}
   size_t InitialHeapSize                          = 266338304                                 {product} {ergonomic}
   size_t MarkStackSize                            = 4194304                                   {product} {ergonomic}
   size_t MaxHeapSize                              = 1073741824                                {product} {command line}
   size_t MaxNewSize                               = 643825664                                 {product} {ergonomic}
   size_t MinHeapDeltaBytes                        = 1048576                                   {product} {ergonomic}
   size_t MinHeapSize                              = 8388608                                   {product} {ergonomic}
    uintx NonNMethodCodeHeapSize                   = 5839372                                {pd product} {ergonomic}
    uintx NonProfiledCodeHeapSize                  = 131298042                              {pd product} {ergonomic}
    uintx ProfiledCodeHeapSize                     = 131298042                              {pd product} {ergonomic}
    uintx ReservedCodeCacheSize                    = 268435456                              {pd product} {command line}
     bool SegmentedCodeCache                       = true                                      {product} {ergonomic}
   size_t SoftMaxHeapSize                          = 1073741824                             {manageable} {ergonomic}
     bool UseCompressedOops                        = true                           {product lp64_product} {ergonomic}
     bool UseG1GC                                  = true                                      {product} {ergonomic}
     bool UseLargePagesIndividualAllocation        = false                                  {pd product} {ergonomic}

Logging:
Log output configuration:
 #0: stdout all=warning uptime,level,tags foldmultilines=false
 #1: stderr all=off uptime,level,tags foldmultilines=false

Environment Variables:
PATH=C:\Program Files\PowerShell\7;C:\Users\jespe\AppData\Local\Google\AndroidStudio2026.1.1\aia\codex\tmp\arg0\codex-arg0PcgJMJ;C:\Program Files (x86)\Common Files\Oracle\Java\java8path;C:\Program Files (x86)\Common Files\Oracle\Java\javapath;C:\WINDOWS\system32;C:\WINDOWS;C:\WINDOWS\System32\Wbem;C:\WINDOWS\System32\WindowsPowerShell\v1.0\;C:\WINDOWS\System32\OpenSSH\;C:\Program Files\dotnet\;C:\Program Files\Git\cmd;C:\ProgramData\chocolatey\bin;C:\Program Files\Tailscale\;C:\Program Files\WireGuard\;C:\Program Files\PowerShell\7\;C:\Users\jespe\AppData\Local\Programs\Python\Python313\Scripts\;C:\Users\jespe\AppData\Local\Programs\Python\Python313\;C:\Users\jespe\AppData\Local\Programs\Python\Launcher\;C:\Users\jespe\AppData\Local\Programs\Python\Python312\Scripts\;C:\Users\jespe\AppData\Local\Programs\Python\Python312\;C:\Users\jespe\AppData\Local\Microsoft\WindowsApps;C:\Users\jespe\AppData\Local\Programs\Microsoft VS Code\bin;C:\MinGW\bin;C:\Users\jespe\AppData\Local\GitHubDesktop\bin;C:\Users\jespe\chocolatey\bin;C:\Users\jespe\AppData\Local\Microsoft\WinGet\Packages\Hugo.Hugo.Extended_Microsoft.Winget.Source_8wekyb3d8bbwe;;C:\Users\jespe\.lmstudio\bin;C:\Users\jespe\AppData\Local\Programs\Python\Python312;C:\Users\jespe\AppData\Local\Programs\Python\Python312\Scripts
USERNAME=jespe
OS=Windows_NT
PROCESSOR_IDENTIFIER=Intel64 Family 6 Model 142 Stepping 12, GenuineIntel
TMP=C:\Users\jespe\AppData\Local\Temp
TEMP=C:\Users\jespe\AppData\Local\Temp




Periodic native trim disabled

---------------  S Y S T E M  ---------------

OS:
 Windows 11 , 64 bit Build 26100 (10.0.26100.8521)
OS uptime: 0 days 22:10 hours
Hyper-V role detected

CPU: total 8 (initial active 8) (4 cores per cpu, 2 threads per core) family 6 model 142 stepping 12 microcode 0xfe, cx8, cmov, fxsr, ht, mmx, 3dnowpref, sse, sse2, sse3, ssse3, sse4.1, sse4.2, popcnt, lzcnt, tsc, tscinvbit, avx, avx2, aes, erms, clmul, bmi1, bmi2, adx, fma, vzeroupper, clflush, clflushopt, hv, rdtscp, f16c
Processor Information for the first 8 processors :
  Max Mhz: 2112, Current Mhz: 1609, Mhz Limit: 1605

Memory: 4k page, system-wide physical 16135M (1615M free)
TotalPageFile size 16135M (AvailPageFile size 5M)
current process WorkingSet (physical memory assigned to process): 1314M, peak: 1315M
current process commit charge ("private bytes"): 1354M, peak: 1357M

vm_info: OpenJDK 64-Bit Server VM (21.0.7+6-LTS) for windows-amd64 JRE (21.0.7+6-LTS), built on 2025-04-15T00:00:00Z by "admin" with MS VC++ 17.7 (VS2022)

END.
